scenario,category,variant,mean_activity,peak_activity,frames_exceeding_ratio,high_change_area_ratio,mae,mse,psnr,ssim,precision,recall,f1,iou,modified_area_ratio
whole_frame_alternation,target,no_cleanup,0.14688387513160706,0.1573430746793747,0.9130434782608695,0.9130434782608695,0.2687942087650299,0.07768828421831131,11.096444700404591,0.8378171920776367,1.0,1.0,1.0,1.0,0.9583333333333334
whole_frame_alternation,target,cleanup,0.14688387513160706,0.1573430746793747,0.9130434782608695,0.9130434782608695,0.2687942087650299,0.07768828421831131,11.096444700404591,0.8378171920776367,1.0,1.0,1.0,1.0,0.9583333333333334
whole_frame_alternation,target,hard_mask,0.14688387513160706,0.1573430746793747,0.9130434782608695,0.9130434782608695,0.2687942087650299,0.07768828421831131,11.096444700404591,0.8378171920776367,1.0,1.0,1.0,1.0,0.9583333333333334
whole_frame_alternation,target,block_4,0.14688387513160706,0.1573430746793747,0.9130434782608695,0.9130434782608695,0.2687942087650299,0.07768828421831131,11.096444700404591,0.8378171920776367,1.0,1.0,1.0,1.0,0.9583333333333334
whole_frame_alternation,target,block_16,0.14688387513160706,0.1573430746793747,0.9130434782608695,0.9130434782608695,0.2687942087650299,0.07768828421831131,11.096444700404591,0.8378171920776367,1.0,1.0,1.0,1.0,0.9583333333333334
whole_frame_alternation,target,threshold_0.08,0.14688387513160706,0.1573430746793747,0.9130434782608695,0.9130434782608695,0.2687942087650299,0.07768828421831131,11.096444700404591,0.8378171920776367,1.0,1.0,1.0,1.0,0.9583333333333334
whole_frame_alternation,target,threshold_0.18,0.14688387513160706,0.1573430746793747,0.9130434782608695,0.9130434782608695,0.2687942087650299,0.07768828421831131,11.096444700404591,0.8378171920776367,1.0,1.0,1.0,1.0,0.9583333333333334
whole_frame_alternation,target,window_1,0.14688387513160706,0.1573430746793747,0.9130434782608695,0.9130434782608695,0.2687942087650299,0.07768828421831131,11.096444700404591,0.8378171920776367,1.0,1.0,1.0,1.0,0.9583333333333334
whole_frame_alternation,target,window_4,0.14688387513160706,0.1573430746793747,0.9130434782608695,0.9130434782608695,0.2687942087650299,0.07768828421831131,11.096444700404591,0.8378171920776367,1.0,1.0,1.0,1.0,0.9583333333333334
small_flashing_square,target,no_cleanup,0.0019824469927698374,0.002117183757945895,0.0,0.009963768115942028,0.003185318550094962,0.0010466036619618535,29.802177500406074,0.9811768531799316,0.26229508196721313,1.0,0.41558441558441556,0.26229508196721313,0.009982638888888888
small_flashing_square,target,cleanup,0.0019824469927698374,0.002117183757945895,0.0,0.009963768115942028,0.003185318550094962,0.0010466036619618535,29.802177500406074,0.9811768531799316,0.26229508196721313,1.0,0.41558441558441556,0.26229508196721313,0.009982638888888888
small_flashing_square,target,hard_mask,0.001946981530636549,0.002082180231809616,0.0,0.009963768115942028,0.003199931001290679,0.0010569836013019085,29.759317505538206,0.9811117053031921,0.25,1.0,0.4,0.25,0.009982638888888888
small_flashing_square,target,block_4,0.003990908153355122,0.004085495602339506,0.0,0.010388360507246376,0.002368371468037367,0.0005857776268385351,32.32267219759441,0.9836949706077576,1.0,0.8125,0.896551724137931,0.8125,0.009982638888888888
small_flashing_square,target,block_16,0.010071826167404652,0.010071825236082077,0.0,0.010416666666666666,0.0,0.0,inf,1.0,0.0,0.0,0.0,0.0,0.0
small_flashing_square,target,threshold_0.08,0.0019824469927698374,0.002117183757945895,0.0,0.009963768115942028,0.003185318550094962,0.0010466036619618535,29.802177500406074,0.9811768531799316,0.26229508196721313,1.0,0.41558441558441556,0.26229508196721313,0.009982638888888888
small_flashing_square,target,threshold_0.18,0.0026566938031464815,0.010071825236082077,0.0,0.010416666666666666,0.0030491428915411234,0.0010038778418675065,29.983191316438052,0.9819750785827637,0.26229508196721313,0.9565217391304348,0.4116959064327485,0.25920471281296026,0.009548611111111112
small_flashing_square,target,window_1,0.0019824469927698374,0.002117183757945895,0.0,0.009963768115942028,0.003185318550094962,0.0010466036619618535,29.802177500406074,0.9811768531799316,0.26229508196721313,1.0,0.41558441558441556,0.26229508196721313,0.009982638888888888
small_flashing_square,target,window_4,0.0019824469927698374,0.002117183757945895,0.0,0.009963768115942028,0.003185318550094962,0.0010466036619618535,29.802177500406074,0.9811768531799316,0.26229508196721313,1.0,0.41558441558441556,0.26229508196721313,0.009982638888888888
medium_flashing_region,target,no_cleanup,0.04495001211762428,0.04731070250272751,0.0,0.23451653079710144,0.06343571841716766,0.01743210293352604,17.586502183210953,0.8658944964408875,1.0,0.9921875,0.996078431372549,0.9921875,0.23958333333333334
medium_flashing_region,target,cleanup,0.04495001211762428,0.04731070250272751,0.0,0.23451653079710144,0.06343571841716766,0.01743210293352604,17.586502183210953,0.8658944964408875,1.0,0.9921875,0.996078431372549,0.9921875,0.23958333333333334
medium_flashing_region,target,hard_mask,0.036720968782901764,0.039335768669843674,0.0,0.22826086956521738,0.06719855219125748,0.019422071054577827,17.117044613684214,0.8711631894111633,1.0,1.0,1.0,1.0,0.23958333333333334
medium_flashing_region,target,block_4,0.04495001211762428,0.04731070250272751,0.0,0.23451653079710144,0.06343571841716766,0.01743210293352604,17.586502183210953,0.8658944964408875,1.0,0.9921875,0.996078431372549,0.9921875,0.23958333333333334
medium_flashing_region,target,block_16,0.0416959747672081,0.04415731877088547,0.0,0.23233695652173914,0.0649217739701271,0.018200227990746498,17.3992317165762,0.8673090934753418,0.7544204322200393,1.0,0.8600223964165733,0.7544204322200393,0.23958333333333334
medium_flashing_region,target,threshold_0.08,0.04495001211762428,0.04731070250272751,0.0,0.23451653079710144,0.06343571841716766,0.01743210293352604,17.586502183210953,0.8658944964408875,1.0,0.9921875,0.996078431372549,0.9921875,0.23958333333333334
medium_flashing_region,target,threshold_0.18,0.04495001211762428,0.04731070250272751,0.0,0.23451653079710144,0.06343571841716766,0.01743210293352604,17.586502183210953,0.8658944964408875,1.0,0.9921875,0.996078431372549,0.9921875,0.23958333333333334
medium_flashing_region,target,window_1,0.04495001211762428,0.04731070250272751,0.0,0.23451653079710144,0.06343571841716766,0.01743210293352604,17.586502183210953,0.8658944964408875,1.0,0.9921875,0.996078431372549,0.9921875,0.23958333333333334
medium_flashing_region,target,window_4,0.04495001211762428,0.04731070250272751,0.0,0.23451653079710144,0.06343571841716766,0.01743210293352604,17.586502183210953,0.8658944964408875,1.0,0.9921875,0.996078431372549,0.9921875,0.23958333333333334
multiple_regions,target,no_cleanup,0.02880905754864216,0.03080405667424202,0.0,0.1500297214673913,0.04954821243882179,0.01683737151324749,17.73725705377378,0.8383800387382507,0.6416348424336064,0.9764862466725821,0.7744137360800802,0.6318720753308644,0.1494411892361111
multiple_regions,target,cleanup,0.02880905754864216,0.03080405667424202,0.0,0.1500297214673913,0.04954821243882179,0.01683737151324749,17.73725705377378,0.8383800387382507,0.6416348424336064,0.9764862466725821,0.7744137360800802,0.6318720753308644,0.1494411892361111
multiple_regions,target,hard_mask,0.02642832323908806,0.028375325724482536,0.0,0.14923007246376813,0.05072125792503357,0.01765148714184761,17.532186993248477,0.8392932415008545,0.6390566914498141,0.9762200532386868,0.7724496243768869,0.6292610386639212,0.1492241753472222
multiple_regions,target,block_4,0.03407442197203636,0.03602943196892738,0.0,0.15155117753623187,0.04702654480934143,0.015268109738826752,18.16214727240385,0.8336288928985596,0.8852859703438162,0.9641526175687667,0.9230377166156983,0.8570752484619025,0.1494411892361111
multiple_regions,target,block_16,0.028673026710748672,0.03041241690516472,0.0,0.150291553442029,0.04968569800257683,0.016969989985227585,17.70318413979418,0.8379051089286804,0.481056709492438,0.9751109139307897,0.6442714974570931,0.4752216216216216,0.1494411892361111
multiple_regions,target,threshold_0.08,0.028542086482048035,0.030803892761468887,0.0,0.14962635869565216,0.04961710423231125,0.01690310798585415,17.720334340250187,0.838430643081665,0.6401161946259986,0.977639751552795,0.7736680417800404,0.6308797847061182,0.1494411892361111
multiple_regions,target,threshold_0.18,0.029181405901908875,0.030804231762886047,0.0,0.15058169157608695,0.049454424530267715,0.016756262630224228,17.758228413184987,0.8384313583374023,0.6429261155815654,0.9748003549245785,0.7748214758000528,0.6324151627666005,0.1494411892361111
multiple_regions,target,window_1,0.028542086482048035,0.030803892761468887,0.0,0.14962635869565216,0.04961710423231125,0.01690310798585415,17.720334340250187,0.838430643081665,0.6401161946259986,0.977639751552795,0.7736680417800404,0.6308797847061182,0.1494411892361111
multiple_regions,target,window_4,0.029009830206632614,0.03080405667424202,0.0,0.1502420176630435,0.04946906119585037,0.01677793264389038,17.752615534396018,0.8384025692939758,0.6429867166013224,0.974977817213842,0.7749215416622589,0.6325485003741869,0.1494411892361111
static_texture,negative,no_cleanup,0.0,0.0,0.0,0.0,0.0,0.0,inf,1.0,1.0,1.0,1.0,1.0,0.0
static_texture,negative,cleanup,0.0,0.0,0.0,0.0,0.0,0.0,inf,1.0,1.0,1.0,1.0,1.0,0.0
static_texture,negative,hard_mask,0.0,0.0,0.0,0.0,0.0,0.0,inf,1.0,1.0,1.0,1.0,1.0,0.0
static_texture,negative,block_4,0.0,0.0,0.0,0.0,0.0,0.0,inf,1.0,1.0,1.0,1.0,1.0,0.0
static_texture,negative,block_16,0.0,0.0,0.0,0.0,0.0,0.0,inf,1.0,1.0,1.0,1.0,1.0,0.0
static_texture,negative,threshold_0.08,0.0,0.0,0.0,0.0,0.0,0.0,inf,1.0,1.0,1.0,1.0,1.0,0.0
static_texture,negative,threshold_0.18,0.0,0.0,0.0,0.0,0.0,0.0,inf,1.0,1.0,1.0,1.0,1.0,0.0
static_texture,negative,window_1,0.0,0.0,0.0,0.0,0.0,0.0,inf,1.0,1.0,1.0,1.0,1.0,0.0
static_texture,negative,window_4,0.0,0.0,0.0,0.0,0.0,0.0,inf,1.0,1.0,1.0,1.0,1.0,0.0
gradual_transition,negative,no_cleanup,0.03379954397678375,0.06708288192749023,0.0,0.0,0.0,0.0,inf,1.0,1.0,1.0,1.0,1.0,0.0
gradual_transition,negative,cleanup,0.03379954397678375,0.06708288192749023,0.0,0.0,0.0,0.0,inf,1.0,1.0,1.0,1.0,1.0,0.0
gradual_transition,negative,hard_mask,0.03379954397678375,0.06708288192749023,0.0,0.0,0.0,0.0,inf,1.0,1.0,1.0,1.0,1.0,0.0
gradual_transition,negative,block_4,0.03379954397678375,0.06708288192749023,0.0,0.0,0.0,0.0,inf,1.0,1.0,1.0,1.0,1.0,0.0
gradual_transition,negative,block_16,0.03379954397678375,0.06708288192749023,0.0,0.0,0.0,0.0,inf,1.0,1.0,1.0,1.0,1.0,0.0
gradual_transition,negative,threshold_0.08,0.03379954397678375,0.06708288192749023,0.0,0.0,0.0,0.0,inf,1.0,1.0,1.0,1.0,1.0,0.0
gradual_transition,negative,threshold_0.18,0.03379954397678375,0.06708288192749023,0.0,0.0,0.0,0.0,inf,1.0,1.0,1.0,1.0,1.0,0.0
gradual_transition,negative,window_1,0.03379954397678375,0.06708288192749023,0.0,0.0,0.0,0.0,inf,1.0,1.0,1.0,1.0,1.0,0.0
gradual_transition,negative,window_4,0.03379954397678375,0.06708288192749023,0.0,0.0,0.0,0.0,inf,1.0,1.0,1.0,1.0,1.0,0.0
scene_cut,confound,no_cleanup,0.028650714084506035,0.4015139639377594,0.08695652173913043,0.08695652173913043,0.029046881943941116,0.010580215603113174,19.755054821790672,0.9888022541999817,0.0,0.0,0.0,0.0,0.08333333333333333
scene_cut,confound,cleanup,0.028650714084506035,0.4015139639377594,0.08695652173913043,0.08695652173913043,0.029046881943941116,0.010580215603113174,19.755054821790672,0.9888022541999817,0.0,0.0,0.0,0.0,0.08333333333333333
scene_cut,confound,hard_mask,0.028650714084506035,0.4015139639377594,0.08695652173913043,0.08695652173913043,0.029046881943941116,0.010580215603113174,19.755054821790672,0.9888022541999817,0.0,0.0,0.0,0.0,0.08333333333333333
scene_cut,confound,block_4,0.028650714084506035,0.4015139639377594,0.08695652173913043,0.08695652173913043,0.029046881943941116,0.010580215603113174,19.755054821790672,0.9888022541999817,0.0,0.0,0.0,0.0,0.08333333333333333
scene_cut,confound,block_16,0.028650714084506035,0.4015139639377594,0.08695652173913043,0.08695652173913043,0.029046881943941116,0.010580215603113174,19.755054821790672,0.9888022541999817,0.0,0.0,0.0,0.0,0.08333333333333333
scene_cut,confound,threshold_0.08,0.028650714084506035,0.4015139639377594,0.08695652173913043,0.08695652173913043,0.029046881943941116,0.010580215603113174,19.755054821790672,0.9888022541999817,0.0,0.0,0.0,0.0,0.08333333333333333
scene_cut,confound,threshold_0.18,0.028650714084506035,0.4015139639377594,0.08695652173913043,0.08695652173913043,0.029046881943941116,0.010580215603113174,19.755054821790672,0.9888022541999817,0.0,0.0,0.0,0.0,0.08333333333333333
scene_cut,confound,window_1,0.028650714084506035,0.5391077399253845,0.043478260869565216,0.043478260869565216,0.017604170367121696,0.007437761407345533,21.285577572939623,0.9917847514152527,0.0,0.0,0.0,0.0,0.041666666666666664
scene_cut,confound,window_4,0.028650714084506035,0.19417297840118408,0.08695652173913043,0.08695652173913043,0.041319187730550766,0.012468850240111351,19.041735912204473,0.9872261881828308,0.0,0.0,0.0,0.0,0.16666666666666666
global_brightness_change,confound,no_cleanup,0.04362306371331215,0.08227011561393738,0.0,0.0,0.0,0.0,inf,1.0,1.0,1.0,1.0,1.0,0.0
global_brightness_change,confound,cleanup,0.04362306371331215,0.08227011561393738,0.0,0.0,0.0,0.0,inf,1.0,1.0,1.0,1.0,1.0,0.0
global_brightness_change,confound,hard_mask,0.04362306371331215,0.08227011561393738,0.0,0.0,0.0,0.0,inf,1.0,1.0,1.0,1.0,1.0,0.0
global_brightness_change,confound,block_4,0.04362306371331215,0.08227011561393738,0.0,0.0,0.0,0.0,inf,1.0,1.0,1.0,1.0,1.0,0.0
global_brightness_change,confound,block_16,0.04362306371331215,0.08227011561393738,0.0,0.0,0.0,0.0,inf,1.0,1.0,1.0,1.0,1.0,0.0
global_brightness_change,confound,threshold_0.08,0.04362306371331215,0.11936694383621216,0.0,0.0,0.003847078885883093,0.00017965924052987248,37.45550440535996,0.9997122883796692,0.0,0.0,0.0,0.0,0.08333333333333333
global_brightness_change,confound,threshold_0.18,0.04362306371331215,0.08227011561393738,0.0,0.0,0.0,0.0,inf,1.0,1.0,1.0,1.0,1.0,0.0
global_brightness_change,confound,window_1,0.04362306371331215,0.08227011561393738,0.0,0.0,0.0,0.0,inf,1.0,1.0,1.0,1.0,1.0,0.0
global_brightness_change,confound,window_4,0.04362306371331215,0.08227011561393738,0.0,0.0,0.0,0.0,inf,1.0,1.0,1.0,1.0,1.0,0.0
moving_bright_object,confound,no_cleanup,0.005190285388380289,0.00896422378718853,0.0,0.016587409420289856,0.004827823024243116,0.0015697181224822998,28.04178327744438,0.976508617401123,0.0,0.0,0.0,0.0,0.021050347222222224
moving_bright_object,confound,cleanup,0.005190285388380289,0.00896422378718853,0.0,0.016587409420289856,0.004827823024243116,0.0015697181224822998,28.04178327744438,0.976508617401123,0.0,0.0,0.0,0.0,0.021050347222222224
moving_bright_object,confound,hard_mask,0.005038836505264044,0.009662864729762077,0.0,0.016870471014492752,0.005119020584970713,0.0019395751878619194,27.122933802605644,0.9739043116569519,0.0,0.0,0.0,0.0,0.014811197916666666
moving_bright_object,confound,block_4,0.005479891784489155,0.006453445181250572,0.0,0.017323369565217392,0.004550680983811617,0.0012524508638307452,29.022393033735,0.97886723279953,0.0,0.0,0.0,0.0,0.022705078125
moving_bright_object,confound,block_16,0.00853796023875475,0.008926048874855042,0.0,0.009963768115942028,0.0,0.0,inf,1.0,1.0,1.0,1.0,1.0,0.0
moving_bright_object,confound,threshold_0.08,0.004182903561741114,0.00548213254660368,0.0,0.016233582427536232,0.005918648559600115,0.001963693415746093,27.069263160618554,0.9719708561897278,0.0,0.0,0.0,0.0,0.023817274305555556
moving_bright_object,confound,threshold_0.18,0.006626248359680176,0.009807012975215912,0.0,0.016757246376811596,0.0035090502351522446,0.0011307928944006562,29.46616929164019,0.9824258685112,0.0,0.0,0.0,0.0,0.017795138888888888
moving_bright_object,confound,window_1,0.00421471381559968,0.006812533363699913,0.0,0.017153532608695652,0.005033940076828003,0.001716045313514769,27.654712484514206,0.9784273505210876,0.0,0.0,0.0,0.0,0.019748263888888888
moving_bright_object,confound,window_4,0.007415040861815214,0.010431598871946335,0.0,0.016969542572463768,0.004426536615937948,0.0014339993940666318,28.43451032178382,0.9737069010734558,0.0,0.0,0.0,0.0,0.02197265625
rapid_local_alternation,target,no_cleanup,0.022503091022372246,0.03878283500671387,0.0,0.07829483695652174,0.029965652152895927,0.010354683734476566,19.848631613257403,0.8961618542671204,0.7962962962962963,0.8568840579710145,0.825479930191972,0.7028231797919762,0.10026041666666667
rapid_local_alternation,target,cleanup,0.022503091022372246,0.03878283500671387,0.0,0.07829483695652174,0.029965652152895927,0.010354683734476566,19.848631613257403,0.8961618542671204,0.7962962962962963,0.8568840579710145,0.825479930191972,0.7028231797919762,0.10026041666666667
rapid_local_alternation,target,hard_mask,0.01967833749949932,0.03334857150912285,0.0,0.07382246376811594,0.03160771727561951,0.011716574430465698,19.311993442398467,0.8947375416755676,0.7916666666666666,0.865424430641822,0.8269040553907022,0.7048903878583473,0.09071180555555555
rapid_local_alternation,target,block_4,0.01982017047703266,0.03257995471358299,0.0,0.078125,0.032583124935626984,0.011542507447302341,19.376998365670513,0.888329029083252,0.8862433862433863,0.9536749482401656,0.918723510346547,0.8496656675121051,0.10026041666666667
rapid_local_alternation,target,block_16,0.018846582621335983,0.03066401183605194,0.0,0.07727581521739131,0.03334631770849228,0.01201230101287365,19.20373793473385,0.8856800198554993,0.6640316205533597,0.9565217391304348,0.7838812301166491,0.6445762120683641,0.10026041666666667
rapid_local_alternation,target,threshold_0.08,0.018846582621335983,0.03066401183605194,0.0,0.07727581521739131,0.03334631770849228,0.01201230101287365,19.20373793473385,0.8856800198554993,0.6640316205533597,0.9565217391304348,0.7838812301166491,0.6445762120683641,0.10026041666666667
rapid_local_alternation,target,threshold_0.18,0.0274443868547678,0.049969159066677094,0.0,0.078125,0.025145964697003365,0.008135294541716576,20.8962671863044,0.9100339412689209,1.0,0.7116977225672878,0.8315693982461445,0.7116977225672878,0.09966362847222222
rapid_local_alternation,target,window_1,0.046350106596946716,0.08281083405017853,0.0,0.08322010869565218,0.027889596298336983,0.015714099630713463,18.037104976635746,0.9274330139160156,0.6640316205533597,0.4782608695652174,0.5560403189408756,0.38508022504688477,0.050130208333333336
rapid_local_alternation,target,window_4,0.02349194698035717,0.03878817334771156,0.0,0.08010643115942029,0.029514851048588753,0.01011196430772543,19.95164471991402,0.8952762484550476,0.8089330024813896,0.8436853002070394,0.8259437547504433,0.7034958998705222,0.10020616319444445
localized_red_alternation,target,no_cleanup,0.01579560525715351,0.05276300013065338,0.0,0.022333559782608696,0.029493512585759163,0.010931231081485748,19.613309248034078,0.889967679977417,1.0,0.9490489130434783,0.9738584872777971,0.9490489130434783,0.22916666666666666
localized_red_alternation,target,cleanup,0.01579560525715351,0.05276300013065338,0.0,0.022333559782608696,0.029493512585759163,0.010931231081485748,19.613309248034078,0.889967679977417,1.0,0.9490489130434783,0.9738584872777971,0.9490489130434783,0.22916666666666666
localized_red_alternation,target,hard_mask,0.013750744983553886,0.05276300013065338,0.0,0.021739130434782608,0.031244026497006416,0.012181665748357773,19.142933212387458,0.8883154392242432,1.0,0.9565217391304348,0.9777777777777777,0.9565217391304348,0.22916666666666666
localized_red_alternation,target,block_4,0.01579560525715351,0.05276300013065338,0.0,0.022333559782608696,0.029493512585759163,0.010931231081485748,19.613309248034078,0.889967679977417,1.0,0.9490489130434783,0.9738584872777971,0.9490489130434783,0.22916666666666666
localized_red_alternation,target,block_16,0.026582788676023483,0.05276300013065338,0.0,0.09162703804347826,0.020777499303221703,0.007309492211788893,21.361127923004084,0.9141664505004883,1.0,0.6302083333333334,0.7731629392971245,0.6302083333333334,0.20052083333333334
localized_red_alternation,target,threshold_0.08,0.01180562749505043,0.012637405656278133,0.0,0.000594429347826087,0.03081163577735424,0.01139846257865429,19.43153722227908,0.881884753704071,1.0,0.9921875,0.996078431372549,0.9921875,0.23958333333333334
localized_red_alternation,target,threshold_0.18,0.01579560525715351,0.05276300013065338,0.0,0.022333559782608696,0.029493512585759163,0.010931231081485748,19.613309248034078,0.889967679977417,1.0,0.9490489130434783,0.9738584872777971,0.9490489130434783,0.22916666666666666
localized_red_alternation,target,window_1,0.01180562749505043,0.012637405656278133,0.0,0.000594429347826087,0.03081163577735424,0.01139846257865429,19.43153722227908,0.881884753704071,1.0,0.9921875,0.996078431372549,0.9921875,0.23958333333333334
localized_red_alternation,target,window_4,0.01579560525715351,0.05276300013065338,0.0,0.022333559782608696,0.029493512585759163,0.010931231081485748,19.613309248034078,0.889967679977417,1.0,0.9490489130434783,0.9738584872777971,0.9490489130434783,0.22916666666666666
persistent_regular_pattern,target,no_cleanup,0.0,0.0,0.0,0.0,0.0,0.0,inf,1.0,0.0,0.0,0.0,0.0,0.0
persistent_regular_pattern,target,cleanup,0.0,0.0,0.0,0.0,0.0,0.0,inf,1.0,0.0,0.0,0.0,0.0,0.0
persistent_regular_pattern,target,hard_mask,0.0,0.0,0.0,0.0,0.0,0.0,inf,1.0,0.0,0.0,0.0,0.0,0.0
persistent_regular_pattern,target,block_4,0.0,0.0,0.0,0.0,0.0,0.0,inf,1.0,0.0,0.0,0.0,0.0,0.0
persistent_regular_pattern,target,block_16,0.0,0.0,0.0,0.0,0.0,0.0,inf,1.0,0.0,0.0,0.0,0.0,0.0
persistent_regular_pattern,target,threshold_0.08,0.0,0.0,0.0,0.0,0.0,0.0,inf,1.0,0.0,0.0,0.0,0.0,0.0
persistent_regular_pattern,target,threshold_0.18,0.0,0.0,0.0,0.0,0.0,0.0,inf,1.0,0.0,0.0,0.0,0.0,0.0
persistent_regular_pattern,target,window_1,0.0,0.0,0.0,0.0,0.0,0.0,inf,1.0,0.0,0.0,0.0,0.0,0.0
persistent_regular_pattern,target,window_4,0.0,0.0,0.0,0.0,0.0,0.0,inf,1.0,0.0,0.0,0.0,0.0,0.0
