variant,mean_activity,peak_activity,frames_exceeding_ratio,high_change_area_ratio,mae,mse,psnr,ssim,precision,recall,f1,iou,modified_area_ratio
block_16,0.03228044634064039,0.0737670548260212,0.08333333333333333,0.13099264983393719,0.03888103164111575,0.011896709251838425,inf,0.944306676586469,0.6582923968554865,0.7134867488662131,0.6717781719406201,0.6253688832702798,0.1442893699363426
block_4,0.03142235055565834,0.07395267218817025,0.08333333333333333,0.12618649984903382,0.03977492032572627,0.012106723292769553,inf,0.9389168123404185,0.7309607797156001,0.7226303315710343,0.7256874891458769,0.7050397774181238,0.14940049913194445
cleanup,0.031015641269429278,0.07407933650150274,0.08333333333333333,0.1259771522116546,0.03985811065649614,0.01220335090571704,inf,0.9395590821901957,0.6416855183914264,0.7312172264739228,0.6654512500422345,0.6281855625111277,0.1492626048900463
hard_mask,0.02971011578726272,0.07281481226285298,0.08333333333333333,0.12499056461352658,0.04057763301534578,0.012686404748819768,inf,0.9395954062541326,0.64006027984304,0.7331805185842453,0.6647609547954473,0.6283894304710586,0.14792887369791666
no_cleanup,0.031015641269429278,0.07407933650150274,0.08333333333333333,0.1259771522116546,0.03985811065649614,0.01220335090571704,inf,0.9395590821901957,0.6416855183914264,0.7312172264739228,0.6654512500422345,0.6281855625111277,0.1492626048900463
threshold_0.08,0.030272238014731556,0.07286018278682604,0.08333333333333333,0.1240175403834541,0.04066690940332288,0.012433702554214202,inf,0.9376141130924225,0.5472035747622143,0.6598780408902691,0.5804408791855169,0.543510506561808,0.15730568214699073
threshold_0.18,0.03163429576670751,0.07574466398606698,0.08333333333333333,0.12606089126660627,0.039327408672155194,0.011971505145387104,inf,0.9412789891163508,0.6587684331290649,0.7153546858054817,0.6656686415941077,0.6287128342658606,0.14890543619791666
window_1,0.032566849200520664,0.08569136368654047,0.07971014492753623,0.12096637228260869,0.038864307707020394,0.012444705644156784,inf,0.941904087861379,0.6305369080955476,0.7033563017598343,0.6447874699208691,0.605219174310018,0.14237241391782407
window_4,0.03130017327688014,0.05692364715893442,0.08333333333333333,0.12617765417421498,0.040803199575748295,0.012324247373423228,inf,0.9391223440567652,0.6428512334208271,0.7299916275386966,0.665532219220622,0.6282979912712834,0.1562793872974537
