scenario,category,method,mean_activity,peak_activity,frames_exceeding_ratio,high_change_area_ratio,mae,mse,psnr,ssim,precision,recall,f1,iou,modified_area_ratio,residual_inside_regions,seconds,fps
whole_frame_alternation,target,none,0.7543075680732727,0.7543075680732727,1.0,1.0,0.0,0.0,inf,1.0,0.0,0.0,0.0,0.0,0.0,1.0,3.6250014090910554e-05,662068.7081613531
whole_frame_alternation,target,global,0.14688383042812347,0.1573430299758911,0.9130434782608695,0.9130434782608695,0.2687942087650299,0.07768828421831131,11.096444700404591,0.8378171920776367,1.0,1.0,1.0,1.0,0.9583333333333334,0.19472669064998627,0.002246249991003424,10684.474166332191
whole_frame_alternation,target,localized,0.14688387513160706,0.1573430746793747,0.9130434782608695,0.9130434782608695,0.2687942087650299,0.07768828421831131,11.096444700404591,0.8378171920776367,1.0,1.0,1.0,1.0,0.9583333333333334,0.19472675025463104,0.004922500025713816,4875.57133054961
whole_frame_alternation,target,adaptive,0.10931773483753204,0.7543075680732727,0.043478260869565216,0.043478260869565216,0.30172327160835266,0.1986260712146759,7.019637475750327,0.7442982792854309,1.0,0.9565217391304348,0.9777777777777777,0.9565217391304348,0.4583333333333333,0.14492465555667877,0.01531566699850373,1567.022840229204
whole_frame_alternation,target,enhanced_exploratory,0.10931773483753204,0.7543075680732727,0.043478260869565216,0.043478260869565216,0.30172327160835266,0.1986260712146759,7.019637475750327,0.7442982792854309,1.0,0.9565217391304348,0.9777777777777777,0.9565217391304348,0.4583333333333333,0.14492465555667877,0.014921041001798585,1608.4668621383075
whole_frame_alternation,target,framegen_exploratory,0.6887156367301941,0.7543075680732727,0.9130434782608695,0.9130434782608695,0.6416665315628052,0.44916656613349915,3.475925780653495,0.4716308116912842,1.0,0.9565217391304348,0.9777777777777777,0.9565217391304348,0.9166666666666666,0.9130434989929199,0.027746916020987555,864.9609917673944
small_flashing_square,target,none,0.010071826167404652,0.010071825236082077,0.0,0.010416666666666666,0.0,0.0,inf,1.0,0.0,0.0,0.0,0.0,0.0,1.0,3.7874997360631824e-05,633663.4104942849
small_flashing_square,target,global,0.010071826167404652,0.010071825236082077,0.0,0.010416666666666666,0.0,0.0,inf,1.0,0.0,0.0,0.0,0.0,0.0,1.0,0.0019022920168936253,12616.359521495096
small_flashing_square,target,localized,0.0019824469927698374,0.002117183757945895,0.0,0.009963768115942028,0.003185318550094962,0.0010466036619618535,29.802177500406074,0.9811768531799316,0.26229508196721313,1.0,0.41558441558441556,0.26229508196721313,0.009982638888888888,0.19683097302913666,0.0043221669911872596,5552.770184246727
small_flashing_square,target,adaptive,0.0028726921882480383,0.010071825236082077,0.0,0.008746603260869566,0.0030067076440900564,0.001148041570559144,29.400423858600163,0.9824111461639404,1.0,0.8967391304347826,0.9455587392550142,0.8967391304347826,0.009548611111111112,0.2852206528186798,0.015230333025101572,1575.8027063784407
small_flashing_square,target,enhanced_exploratory,0.001239950186572969,0.010071825236082077,0.0,0.0004528985507246377,0.0036468133330345154,0.0027667684480547905,25.580271856150965,0.9831135869026184,0.25396825396825395,0.9565217391304348,0.4013683010262257,0.25106990014265335,0.006157769097222222,0.12311077862977982,0.014931291982065886,1607.362579797289
small_flashing_square,target,framegen_exploratory,0.009184709750115871,0.010058826766908169,0.0,0.009510869565217392,0.007634281180799007,0.006103742867708206,22.14403770185482,0.9662116169929504,0.25396825396825395,0.9565217391304348,0.4013683010262257,0.25106990014265335,0.009548611111111112,0.9119212031364441,0.02724412499810569,880.9238689687683
medium_flashing_region,target,none,0.18857689201831818,0.18857689201831818,1.0,0.25,0.0,0.0,inf,1.0,0.0,0.0,0.0,0.0,0.0,1.0,4.166699363850057e-05,575995.4799768382
medium_flashing_region,target,global,0.03672095760703087,0.03933575749397278,0.0,0.22826086956521738,0.06719856709241867,0.019422071054577827,17.117044613684214,0.8711631894111633,0.25,1.0,0.4,0.25,0.23958333333333334,0.19472669064998627,0.002070417016511783,11591.867632751082
medium_flashing_region,target,localized,0.04495001211762428,0.04731070250272751,0.0,0.23451653079710144,0.06343571841716766,0.01743210293352604,17.586502183210953,0.8658944964408875,1.0,0.9921875,0.996078431372549,0.9921875,0.23958333333333334,0.23836438357830048,0.00437483299174346,5485.923701612095
medium_flashing_region,target,adaptive,0.033870115876197815,0.18857689201831818,0.043478260869565216,0.06051856884057971,0.072530098259449,0.04153107851743698,13.816267905831241,0.8206574320793152,1.0,0.9540307971014492,0.9764746784100127,0.9540307971014492,0.16267903645833334,0.1796090304851532,0.015319833997637033,1566.596609578264
medium_flashing_region,target,enhanced_exploratory,0.033870115876197815,0.18857689201831818,0.043478260869565216,0.06051856884057971,0.072530098259449,0.04153107851743698,13.816267905831241,0.8206573128700256,1.0,0.9540307971014492,0.9764746784100127,0.9540307971014492,0.16267903645833334,0.1796090304851532,0.014897083019604906,1611.0536518065612
medium_flashing_region,target,framegen_exploratory,0.15258246660232544,0.16603149473667145,0.9130434782608695,0.23032721920289856,0.15093515813350677,0.10098832100629807,9.95728848155926,0.7366334795951843,1.0,0.9540307971014492,0.9764746784100127,0.9540307971014492,0.22916666666666666,0.8091258406639099,0.02697700000135228,889.6467360639415
multiple_regions,target,none,0.137227863073349,0.14036181569099426,0.9565217391304348,0.1559386322463768,0.0,0.0,inf,1.0,0.0,0.0,0.0,0.0,0.0,1.0,4.1749997762963176e-05,574850.3302026673
multiple_regions,target,global,0.030709370970726013,0.06828092783689499,0.0,0.1523720561594203,0.04983585700392723,0.017526164650917053,17.563131126103503,0.8442564010620117,0.15950520833333334,0.9565217391304348,0.2734166941436072,0.1583570819990011,0.1462131076388889,0.22378379106521606,0.0020691659883596003,11598.876134160118
multiple_regions,target,localized,0.02880905754864216,0.03080405667424202,0.0,0.1500297214673913,0.04954821243882179,0.01683737151324749,17.73725705377378,0.8383800387382507,0.6416348424336064,0.9764862466725821,0.7744137360800802,0.6318720753308644,0.1494411892361111,0.20993593335151672,0.0042232919950038195,5682.7706984011875
multiple_regions,target,adaptive,0.026832202449440956,0.08944963663816452,0.0,0.06480695199275362,0.05480830743908882,0.03462876379489899,14.60563011963005,0.8328418731689453,1.0,0.926530612244898,0.961864406779661,0.926530612244898,0.1207546657986111,0.19553028047084808,0.015273750002961606,1571.323348578205
multiple_regions,target,enhanced_exploratory,0.01994839496910572,0.08064522594213486,0.0,0.020776721014492752,0.058320432901382446,0.044558778405189514,13.510667240093188,0.8645661473274231,0.6384281859252297,0.9341614906832298,0.7584877793987861,0.610938633396199,0.09157307942708333,0.14536693692207336,0.014918958011548966,1608.6914368564667
multiple_regions,target,framegen_exploratory,0.1194843202829361,0.13383936882019043,0.8695652173913043,0.14268427309782608,0.11851081252098083,0.09890037775039673,10.048020496101053,0.767977237701416,0.6384281859252297,0.9341614906832298,0.7584877793987861,0.610938633396199,0.1430596245659722,0.8706592917442322,0.027069709001807496,886.599852196323
static_texture,negative,none,0.0,0.0,0.0,0.0,0.0,0.0,inf,1.0,1.0,1.0,1.0,1.0,0.0,0.0,4.041599459014833e-05,593824.3075143859
static_texture,negative,global,0.0,0.0,0.0,0.0,0.0,0.0,inf,1.0,1.0,1.0,1.0,1.0,0.0,0.0,0.0018918749992735684,12685.827556902748
static_texture,negative,localized,0.0,0.0,0.0,0.0,0.0,0.0,inf,1.0,1.0,1.0,1.0,1.0,0.0,0.0,0.004363000014564022,5500.802181958788
static_texture,negative,adaptive,0.0,0.0,0.0,0.0,0.0,0.0,inf,1.0,1.0,1.0,1.0,1.0,0.0,0.0,0.007492291973903775,3203.2921412558176
static_texture,negative,enhanced_exploratory,0.0,0.0,0.0,0.0,0.0,0.0,inf,1.0,1.0,1.0,1.0,1.0,0.0,0.0,0.01445824999245815,1659.9519314245574
static_texture,negative,framegen_exploratory,0.0,0.0,0.0,0.0,0.0,0.0,inf,1.0,1.0,1.0,1.0,1.0,0.0,0.0,0.008116207987768576,2957.0459549790844
gradual_transition,negative,none,0.03379954397678375,0.06708288192749023,0.0,0.0,0.0,0.0,inf,1.0,1.0,1.0,1.0,1.0,0.0,0.0,3.679099609144032e-05,652333.5204176157
gradual_transition,negative,global,0.03379954397678375,0.06708288192749023,0.0,0.0,0.0,0.0,inf,1.0,1.0,1.0,1.0,1.0,0.0,0.0,0.0019108749984297901,12559.691251244247
gradual_transition,negative,localized,0.03379954397678375,0.06708288192749023,0.0,0.0,0.0,0.0,inf,1.0,1.0,1.0,1.0,1.0,0.0,0.0,0.004416292009409517,5434.423255723286
gradual_transition,negative,adaptive,0.03379954397678375,0.06708288192749023,0.0,0.0,0.0,0.0,inf,1.0,1.0,1.0,1.0,1.0,0.0,0.0,0.007492749980883673,3203.096334620992
gradual_transition,negative,enhanced_exploratory,0.03379954397678375,0.06708288192749023,0.0,0.0,0.0,0.0,inf,1.0,1.0,1.0,1.0,1.0,0.0,0.0,0.013272290991153568,1808.2786171578678
gradual_transition,negative,framegen_exploratory,0.03379954397678375,0.06708288192749023,0.0,0.0,0.0,0.0,inf,1.0,1.0,1.0,1.0,1.0,0.0,0.0,0.00817250000545755,2936.677881183595
scene_cut,confound,none,0.028650714084506035,0.6589664220809937,0.043478260869565216,0.043478260869565216,0.0,0.0,inf,1.0,1.0,1.0,1.0,1.0,0.0,0.0,3.6124984035268426e-05,664360.1551925688
scene_cut,confound,global,0.028650714084506035,0.5391077399253845,0.043478260869565216,0.043478260869565216,0.017604170367121696,0.007437761407345533,21.285577572939623,0.9917847514152527,0.0,0.0,0.0,0.0,0.041666666666666664,0.0,0.0020247089851181954,11853.555338768334
scene_cut,confound,localized,0.028650714084506035,0.4015139639377594,0.08695652173913043,0.08695652173913043,0.029046881943941116,0.010580215603113174,19.755054821790672,0.9888022541999817,0.0,0.0,0.0,0.0,0.08333333333333333,0.0,0.0045559580030385405,5267.827311839463
scene_cut,confound,adaptive,0.028650714084506035,0.6589664220809937,0.043478260869565216,0.043478260869565216,0.0,0.0,inf,1.0,1.0,1.0,1.0,1.0,0.0,0.0,0.007493750017601997,3202.6688832195673
scene_cut,confound,enhanced_exploratory,0.028650714084506035,0.6589664220809937,0.043478260869565216,0.043478260869565216,0.0,0.0,inf,1.0,1.0,1.0,1.0,1.0,0.0,0.0,0.014607915974920616,1642.944828078423
scene_cut,confound,framegen_exploratory,0.028650714084506035,0.6589664220809937,0.043478260869565216,0.043478260869565216,0.0,0.0,inf,1.0,1.0,1.0,1.0,1.0,0.0,0.0,0.00820633297553286,2924.570581227435
global_brightness_change,confound,none,0.04362306371331215,0.08227011561393738,0.0,0.0,0.0,0.0,inf,1.0,1.0,1.0,1.0,1.0,0.0,0.0,3.629102138802409e-05,661320.5989269818
global_brightness_change,confound,global,0.04362306371331215,0.08227011561393738,0.0,0.0,0.0,0.0,inf,1.0,1.0,1.0,1.0,1.0,0.0,0.0,0.001904333010315895,12602.837775741138
global_brightness_change,confound,localized,0.04362306371331215,0.08227011561393738,0.0,0.0,0.0,0.0,inf,1.0,1.0,1.0,1.0,1.0,0.0,0.0,0.0042624160123523325,5630.609478391794
global_brightness_change,confound,adaptive,0.04362306371331215,0.08227011561393738,0.0,0.0,0.0,0.0,inf,1.0,1.0,1.0,1.0,1.0,0.0,0.0,0.0074802500021178275,3208.4489145690395
global_brightness_change,confound,enhanced_exploratory,0.04362306371331215,0.08227011561393738,0.0,0.0,0.0,0.0,inf,1.0,1.0,1.0,1.0,1.0,0.0,0.0,0.013422832998912781,1787.998107548827
global_brightness_change,confound,framegen_exploratory,0.04362306371331215,0.08227011561393738,0.0,0.0,0.0,0.0,inf,1.0,1.0,1.0,1.0,1.0,0.0,0.0,0.008269165991805494,2902.3483170834047
moving_bright_object,confound,none,0.00853796023875475,0.008926048874855042,0.0,0.009963768115942028,0.0,0.0,inf,1.0,1.0,1.0,1.0,1.0,0.0,0.0,3.791699418798089e-05,632961.5654926475
moving_bright_object,confound,global,0.00853796023875475,0.008926048874855042,0.0,0.009963768115942028,0.0,0.0,inf,1.0,1.0,1.0,1.0,1.0,0.0,0.0,0.0018903750169556588,12695.893558015083
moving_bright_object,confound,localized,0.005190285388380289,0.00896422378718853,0.0,0.016587409420289856,0.004827823024243116,0.0015697181224822998,28.04178327744438,0.976508617401123,0.0,0.0,0.0,0.0,0.021050347222222224,0.0,0.00430925001273863,5569.414614852535
moving_bright_object,confound,adaptive,0.00853796023875475,0.008926048874855042,0.0,0.009963768115942028,0.0,0.0,inf,1.0,1.0,1.0,1.0,1.0,0.0,0.0,0.007484417001251131,3206.6625892154384
moving_bright_object,confound,enhanced_exploratory,0.00853796023875475,0.008926048874855042,0.0,0.009963768115942028,0.0,0.0,inf,1.0,1.0,1.0,1.0,1.0,0.0,0.0,0.014708292001159862,1631.7326306893701
moving_bright_object,confound,framegen_exploratory,0.00853796023875475,0.008926048874855042,0.0,0.009963768115942028,0.0,0.0,inf,1.0,1.0,1.0,1.0,1.0,0.0,0.0,0.008294667000882328,2893.4253777092017
rapid_local_alternation,target,none,0.046350106596946716,0.09691385924816132,0.0,0.052309782608695655,0.0,0.0,inf,1.0,0.0,0.0,0.0,0.0,0.0,1.0,3.8541998947039247e-05,622697.3342243748
rapid_local_alternation,target,global,0.046350106596946716,0.09691385924816132,0.0,0.052309782608695655,0.0,0.0,inf,1.0,0.0,0.0,0.0,0.0,0.0,1.0,0.0019130420114379376,12545.464164668503
rapid_local_alternation,target,localized,0.022503091022372246,0.03878283500671387,0.0,0.07829483695652174,0.029965652152895927,0.010354683734476566,19.848631613257403,0.8961618542671204,0.7962962962962963,0.8568840579710145,0.825479930191972,0.7028231797919762,0.10026041666666667,0.4855026602745056,0.00429708301089704,5585.184167757063
rapid_local_alternation,target,adaptive,0.046350106596946716,0.09691385924816132,0.0,0.052309782608695655,0.0,0.0,inf,1.0,0.0,0.0,0.0,0.0,0.0,1.0,0.007495167024899274,3202.06339902379
rapid_local_alternation,target,enhanced_exploratory,0.046350106596946716,0.09691385924816132,0.0,0.052309782608695655,0.0,0.0,inf,1.0,0.0,0.0,0.0,0.0,0.0,1.0,0.014795916009461507,1622.0692240110568
rapid_local_alternation,target,framegen_exploratory,0.046350106596946716,0.09691385924816132,0.0,0.052309782608695655,0.0,0.0,inf,1.0,0.0,0.0,0.0,0.0,0.0,1.0,0.008185709011740983,2931.939061793689
localized_red_alternation,target,none,0.05276299640536308,0.05276300013065338,0.0,0.25,0.0,0.0,inf,1.0,0.0,0.0,0.0,0.0,0.0,1.0,3.825000021606684e-05,627450.9768478079
localized_red_alternation,target,global,0.05276299640536308,0.05276300013065338,0.0,0.25,0.0,0.0,inf,1.0,0.0,0.0,0.0,0.0,0.0,1.0,0.001893332984764129,12676.058671734341
localized_red_alternation,target,localized,0.01579560525715351,0.05276300013065338,0.0,0.022333559782608696,0.029493512585759163,0.010931231081485748,19.613309248034078,0.889967679977417,1.0,0.9490489130434783,0.9738584872777971,0.9490489130434783,0.22916666666666666,0.2993690073490143,0.004258125001797453,5636.283573138188
localized_red_alternation,target,adaptive,0.02205216884613037,0.05276300013065338,0.0,0.012624547101449276,0.08166904747486115,0.031230974942445755,15.054144581164092,0.6987924575805664,1.0,0.9540307971014492,0.9764746784100127,0.9540307971014492,0.22916666666666666,0.4179476499557495,0.01987091699265875,1207.7952924299734
localized_red_alternation,target,enhanced_exploratory,0.022828154265880585,0.05276300013065338,0.0,0.014804121376811594,0.03996867313981056,0.01369877252727747,18.633183458737232,0.8124577403068542,1.0,0.9540307971014492,0.9764746784100127,0.9540307971014492,0.1618923611111111,0.43265464901924133,0.014724457985721529,1629.941151197081
localized_red_alternation,target,framegen_exploratory,0.042551878839731216,0.046293955296278,0.0,0.20558763586956522,0.07331135869026184,0.0660339966416359,11.802324166921386,0.7749323844909668,1.0,0.9540307971014492,0.9764746784100127,0.9540307971014492,0.22916666666666666,0.8064718842506409,0.027147040993440896,884.0742534627893
persistent_regular_pattern,target,none,0.0,0.0,0.0,0.0,0.0,0.0,inf,1.0,0.0,0.0,0.0,0.0,0.0,0.0,3.825000021606684e-05,627450.9768478079
persistent_regular_pattern,target,global,0.0,0.0,0.0,0.0,0.0,0.0,inf,1.0,0.0,0.0,0.0,0.0,0.0,0.0,0.0016177500074263662,14835.419496106779
persistent_regular_pattern,target,localized,0.0,0.0,0.0,0.0,0.0,0.0,inf,1.0,0.0,0.0,0.0,0.0,0.0,0.0,0.00397633301327005,6035.711777636783
persistent_regular_pattern,target,adaptive,0.0,0.0,0.0,0.0,0.16118642687797546,0.026356210932135582,15.791170253961672,0.9240562319755554,1.0,1.0,1.0,1.0,1.0,0.0,0.009687374986242503,2477.4513254708863
persistent_regular_pattern,target,enhanced_exploratory,0.0,0.0,0.0,0.0,0.0,0.0,inf,1.0,0.0,0.0,0.0,0.0,0.0,0.0,0.015941499994369224,1505.5045013629306
persistent_regular_pattern,target,framegen_exploratory,0.0,0.0,0.0,0.0,0.0,0.0,inf,1.0,0.0,0.0,0.0,0.0,0.0,0.0,0.007793374999891967,3079.5387108066393
