scenario,method,frame,activity
whole_frame_alternation,none,0,0.0
whole_frame_alternation,none,1,0.7543075680732727
whole_frame_alternation,none,2,0.7543075680732727
whole_frame_alternation,none,3,0.7543075680732727
whole_frame_alternation,none,4,0.7543075680732727
whole_frame_alternation,none,5,0.7543075680732727
whole_frame_alternation,none,6,0.7543075680732727
whole_frame_alternation,none,7,0.7543075680732727
whole_frame_alternation,none,8,0.7543075680732727
whole_frame_alternation,none,9,0.7543075680732727
whole_frame_alternation,none,10,0.7543075680732727
whole_frame_alternation,none,11,0.7543075680732727
whole_frame_alternation,none,12,0.7543075680732727
whole_frame_alternation,none,13,0.7543075680732727
whole_frame_alternation,none,14,0.7543075680732727
whole_frame_alternation,none,15,0.7543075680732727
whole_frame_alternation,none,16,0.7543075680732727
whole_frame_alternation,none,17,0.7543075680732727
whole_frame_alternation,none,18,0.7543075680732727
whole_frame_alternation,none,19,0.7543075680732727
whole_frame_alternation,none,20,0.7543075680732727
whole_frame_alternation,none,21,0.7543075680732727
whole_frame_alternation,none,22,0.7543075680732727
whole_frame_alternation,none,23,0.7543075680732727
whole_frame_alternation,global,0,0.0
whole_frame_alternation,global,1,0.13351331651210785
whole_frame_alternation,global,2,0.06054037809371948
whole_frame_alternation,global,3,0.15564480423927307
whole_frame_alternation,global,4,0.10949370265007019
whole_frame_alternation,global,5,0.1573430299758911
whole_frame_alternation,global,6,0.1348765641450882
whole_frame_alternation,global,7,0.15651245415210724
whole_frame_alternation,global,8,0.14647464454174042
whole_frame_alternation,global,9,0.15587277710437775
whole_frame_alternation,global,10,0.15153324604034424
whole_frame_alternation,global,11,0.15555018186569214
whole_frame_alternation,global,12,0.15369898080825806
whole_frame_alternation,global,13,0.1554044485092163
whole_frame_alternation,global,14,0.1546192318201065
whole_frame_alternation,global,15,0.1553412526845932
whole_frame_alternation,global,16,0.15500885248184204
whole_frame_alternation,global,17,0.15531417727470398
whole_frame_alternation,global,18,0.1551736742258072
whole_frame_alternation,global,19,0.15530268847942352
whole_frame_alternation,global,20,0.15524327754974365
whole_frame_alternation,global,21,0.15529778599739075
whole_frame_alternation,global,22,0.1552727371454239
whole_frame_alternation,global,23,0.15529583394527435
whole_frame_alternation,localized,0,0.0
whole_frame_alternation,localized,1,0.13351331651210785
whole_frame_alternation,localized,2,0.06054035574197769
whole_frame_alternation,localized,3,0.15564483404159546
whole_frame_alternation,localized,4,0.10949374735355377
whole_frame_alternation,localized,5,0.1573430746793747
whole_frame_alternation,localized,6,0.1348765790462494
whole_frame_alternation,localized,7,0.15651240944862366
whole_frame_alternation,localized,8,0.14647459983825684
whole_frame_alternation,localized,9,0.1558728814125061
whole_frame_alternation,localized,10,0.15153327584266663
whole_frame_alternation,localized,11,0.15555024147033691
whole_frame_alternation,localized,12,0.15369905531406403
whole_frame_alternation,localized,13,0.15540452301502228
whole_frame_alternation,localized,14,0.15461929142475128
whole_frame_alternation,localized,15,0.1553412824869156
whole_frame_alternation,localized,16,0.15500889718532562
whole_frame_alternation,localized,17,0.15531422197818756
whole_frame_alternation,localized,18,0.15517371892929077
whole_frame_alternation,localized,19,0.1553027331829071
whole_frame_alternation,localized,20,0.15524336695671082
whole_frame_alternation,localized,21,0.1552978754043579
whole_frame_alternation,localized,22,0.15527278184890747
whole_frame_alternation,localized,23,0.15529578924179077
whole_frame_alternation,adaptive,0,0.0
whole_frame_alternation,adaptive,1,0.7543075680732727
whole_frame_alternation,adaptive,2,0.08000004291534424
whole_frame_alternation,adaptive,3,0.08000004291534424
whole_frame_alternation,adaptive,4,0.08000004291534424
whole_frame_alternation,adaptive,5,0.08000004291534424
whole_frame_alternation,adaptive,6,0.08000004291534424
whole_frame_alternation,adaptive,7,0.08000004291534424
whole_frame_alternation,adaptive,8,0.08000004291534424
whole_frame_alternation,adaptive,9,0.08000004291534424
whole_frame_alternation,adaptive,10,0.08000004291534424
whole_frame_alternation,adaptive,11,0.08000004291534424
whole_frame_alternation,adaptive,12,0.08000004291534424
whole_frame_alternation,adaptive,13,0.08000004291534424
whole_frame_alternation,adaptive,14,0.08000004291534424
whole_frame_alternation,adaptive,15,0.08000004291534424
whole_frame_alternation,adaptive,16,0.08000004291534424
whole_frame_alternation,adaptive,17,0.08000004291534424
whole_frame_alternation,adaptive,18,0.08000004291534424
whole_frame_alternation,adaptive,19,0.08000004291534424
whole_frame_alternation,adaptive,20,0.08000004291534424
whole_frame_alternation,adaptive,21,0.08000004291534424
whole_frame_alternation,adaptive,22,0.08000004291534424
whole_frame_alternation,adaptive,23,0.08000004291534424
whole_frame_alternation,enhanced_exploratory,0,0.0
whole_frame_alternation,enhanced_exploratory,1,0.7543075680732727
whole_frame_alternation,enhanced_exploratory,2,0.08000004291534424
whole_frame_alternation,enhanced_exploratory,3,0.08000004291534424
whole_frame_alternation,enhanced_exploratory,4,0.08000004291534424
whole_frame_alternation,enhanced_exploratory,5,0.08000004291534424
whole_frame_alternation,enhanced_exploratory,6,0.08000004291534424
whole_frame_alternation,enhanced_exploratory,7,0.08000004291534424
whole_frame_alternation,enhanced_exploratory,8,0.08000004291534424
whole_frame_alternation,enhanced_exploratory,9,0.08000004291534424
whole_frame_alternation,enhanced_exploratory,10,0.08000004291534424
whole_frame_alternation,enhanced_exploratory,11,0.08000004291534424
whole_frame_alternation,enhanced_exploratory,12,0.08000004291534424
whole_frame_alternation,enhanced_exploratory,13,0.08000004291534424
whole_frame_alternation,enhanced_exploratory,14,0.08000004291534424
whole_frame_alternation,enhanced_exploratory,15,0.08000004291534424
whole_frame_alternation,enhanced_exploratory,16,0.08000004291534424
whole_frame_alternation,enhanced_exploratory,17,0.08000004291534424
whole_frame_alternation,enhanced_exploratory,18,0.08000004291534424
whole_frame_alternation,enhanced_exploratory,19,0.08000004291534424
whole_frame_alternation,enhanced_exploratory,20,0.08000004291534424
whole_frame_alternation,enhanced_exploratory,21,0.08000004291534424
whole_frame_alternation,enhanced_exploratory,22,0.08000004291534424
whole_frame_alternation,enhanced_exploratory,23,0.08000004291534424
whole_frame_alternation,framegen_exploratory,0,0.0
whole_frame_alternation,framegen_exploratory,1,0.0
whole_frame_alternation,framegen_exploratory,2,0.7543075680732727
whole_frame_alternation,framegen_exploratory,3,0.7543075680732727
whole_frame_alternation,framegen_exploratory,4,0.7543075680732727
whole_frame_alternation,framegen_exploratory,5,0.7543075680732727
whole_frame_alternation,framegen_exploratory,6,0.7543075680732727
whole_frame_alternation,framegen_exploratory,7,0.7543075680732727
whole_frame_alternation,framegen_exploratory,8,0.7543075680732727
whole_frame_alternation,framegen_exploratory,9,0.7543075680732727
whole_frame_alternation,framegen_exploratory,10,0.7543075680732727
whole_frame_alternation,framegen_exploratory,11,0.7543075680732727
whole_frame_alternation,framegen_exploratory,12,0.7543075680732727
whole_frame_alternation,framegen_exploratory,13,0.7543075680732727
whole_frame_alternation,framegen_exploratory,14,0.7543075680732727
whole_frame_alternation,framegen_exploratory,15,0.7543075680732727
whole_frame_alternation,framegen_exploratory,16,0.7543075680732727
whole_frame_alternation,framegen_exploratory,17,0.7543075680732727
whole_frame_alternation,framegen_exploratory,18,0.7543075680732727
whole_frame_alternation,framegen_exploratory,19,0.7543075680732727
whole_frame_alternation,framegen_exploratory,20,0.7543075680732727
whole_frame_alternation,framegen_exploratory,21,0.7543075680732727
whole_frame_alternation,framegen_exploratory,22,0.7543075680732727
whole_frame_alternation,framegen_exploratory,23,0.0
small_flashing_square,none,0,0.0
small_flashing_square,none,1,0.010071825236082077
small_flashing_square,none,2,0.010071825236082077
small_flashing_square,none,3,0.010071825236082077
small_flashing_square,none,4,0.010071825236082077
small_flashing_square,none,5,0.010071825236082077
small_flashing_square,none,6,0.010071825236082077
small_flashing_square,none,7,0.010071825236082077
small_flashing_square,none,8,0.010071825236082077
small_flashing_square,none,9,0.010071825236082077
small_flashing_square,none,10,0.010071825236082077
small_flashing_square,none,11,0.010071825236082077
small_flashing_square,none,12,0.010071825236082077
small_flashing_square,none,13,0.010071825236082077
small_flashing_square,none,14,0.010071825236082077
small_flashing_square,none,15,0.010071825236082077
small_flashing_square,none,16,0.010071825236082077
small_flashing_square,none,17,0.010071825236082077
small_flashing_square,none,18,0.010071825236082077
small_flashing_square,none,19,0.010071825236082077
small_flashing_square,none,20,0.010071825236082077
small_flashing_square,none,21,0.010071825236082077
small_flashing_square,none,22,0.010071825236082077
small_flashing_square,none,23,0.010071825236082077
small_flashing_square,global,0,0.0
small_flashing_square,global,1,0.010071825236082077
small_flashing_square,global,2,0.010071825236082077
small_flashing_square,global,3,0.010071825236082077
small_flashing_square,global,4,0.010071825236082077
small_flashing_square,global,5,0.010071825236082077
small_flashing_square,global,6,0.010071825236082077
small_flashing_square,global,7,0.010071825236082077
small_flashing_square,global,8,0.010071825236082077
small_flashing_square,global,9,0.010071825236082077
small_flashing_square,global,10,0.010071825236082077
small_flashing_square,global,11,0.010071825236082077
small_flashing_square,global,12,0.010071825236082077
small_flashing_square,global,13,0.010071825236082077
small_flashing_square,global,14,0.010071825236082077
small_flashing_square,global,15,0.010071825236082077
small_flashing_square,global,16,0.010071825236082077
small_flashing_square,global,17,0.010071825236082077
small_flashing_square,global,18,0.010071825236082077
small_flashing_square,global,19,0.010071825236082077
small_flashing_square,global,20,0.010071825236082077
small_flashing_square,global,21,0.010071825236082077
small_flashing_square,global,22,0.010071825236082077
small_flashing_square,global,23,0.010071825236082077
small_flashing_square,localized,0,0.0
small_flashing_square,localized,1,0.0017321909544989467
small_flashing_square,localized,2,0.0008130411151796579
small_flashing_square,localized,3,0.0020784472580999136
small_flashing_square,localized,4,0.0014849064173176885
small_flashing_square,localized,5,0.002117183757945895
small_flashing_square,localized,6,0.0018301178934052587
small_flashing_square,localized,7,0.0021123795304447412
small_flashing_square,localized,8,0.001985686831176281
small_flashing_square,localized,9,0.0021065780892968178
small_flashing_square,localized,10,0.002052553929388523
small_flashing_square,localized,11,0.0021034912206232548
small_flashing_square,localized,12,0.0020807667169719934
small_flashing_square,localized,13,0.002102087950333953
small_flashing_square,localized,14,0.002092581707984209
small_flashing_square,localized,15,0.002101483289152384
small_flashing_square,localized,16,0.002097515156492591
small_flashing_square,localized,17,0.002101227408275008
small_flashing_square,localized,18,0.0020995724480599165
small_flashing_square,localized,19,0.002101120539009571
small_flashing_square,localized,20,0.002100430428981781
small_flashing_square,localized,21,0.002101075602695346
small_flashing_square,localized,22,0.0021007878240197897
small_flashing_square,localized,23,0.0021010569762438536
small_flashing_square,adaptive,0,0.0
small_flashing_square,adaptive,1,0.010071825236082077
small_flashing_square,adaptive,2,0.004574364982545376
small_flashing_square,adaptive,3,0.002020471729338169
small_flashing_square,adaptive,4,0.003221181221306324
small_flashing_square,adaptive,5,0.0022355893161147833
small_flashing_square,adaptive,6,0.0028046658262610435
small_flashing_square,adaptive,7,0.0023046780843287706
small_flashing_square,adaptive,8,0.0026356216985732317
small_flashing_square,adaptive,9,0.0023347740061581135
small_flashing_square,adaptive,10,0.002552818274125457
small_flashing_square,adaptive,11,0.002350509399548173
small_flashing_square,adaptive,12,0.0025061946362257004
small_flashing_square,adaptive,13,0.0023598186671733856
small_flashing_square,adaptive,14,0.002477128291502595
small_flashing_square,adaptive,15,0.0023658338468521833
small_flashing_square,adaptive,16,0.00245764316059649
small_flashing_square,adaptive,17,0.002369974972680211
small_flashing_square,adaptive,18,0.0024438812397420406
small_flashing_square,adaptive,19,0.002372961025685072
small_flashing_square,adaptive,20,0.0024337756913155317
small_flashing_square,adaptive,21,0.002375190844759345
small_flashing_square,adaptive,22,0.002426122548058629
small_flashing_square,adaptive,23,0.00237690145149827
small_flashing_square,enhanced_exploratory,0,0.0
small_flashing_square,enhanced_exploratory,1,0.010071825236082077
small_flashing_square,enhanced_exploratory,2,0.0008437286014668643
small_flashing_square,enhanced_exploratory,3,0.0008333463920280337
small_flashing_square,enhanced_exploratory,4,0.000843699905090034
small_flashing_square,enhanced_exploratory,5,0.0008333604200743139
small_flashing_square,enhanced_exploratory,6,0.0008436725474894047
small_flashing_square,enhanced_exploratory,7,0.0008333747973665595
small_flashing_square,enhanced_exploratory,8,0.000843644083943218
small_flashing_square,enhanced_exploratory,9,0.0008333871373906732
small_flashing_square,enhanced_exploratory,10,0.0008436154457740486
small_flashing_square,enhanced_exploratory,11,0.0008334017475135624
small_flashing_square,enhanced_exploratory,12,0.0008435877389274538
small_flashing_square,enhanced_exploratory,13,0.0008334149024449289
small_flashing_square,enhanced_exploratory,14,0.0008435591589659452
small_flashing_square,enhanced_exploratory,15,0.0008334282319992781
small_flashing_square,enhanced_exploratory,16,0.0008435315685346723
small_flashing_square,enhanced_exploratory,17,0.0008334410958923399
small_flashing_square,enhanced_exploratory,18,0.0008435036870650947
small_flashing_square,enhanced_exploratory,19,0.0008334556478075683
small_flashing_square,enhanced_exploratory,20,0.0008434770861640573
small_flashing_square,enhanced_exploratory,21,0.0008334686863236129
small_flashing_square,enhanced_exploratory,22,0.0008434491464868188
small_flashing_square,enhanced_exploratory,23,0.0008334809681400657
small_flashing_square,framegen_exploratory,0,0.0
small_flashing_square,framegen_exploratory,1,1.5711484593339264e-06
small_flashing_square,framegen_exploratory,2,0.010058826766908169
small_flashing_square,framegen_exploratory,3,0.010058826766908169
small_flashing_square,framegen_exploratory,4,0.010058826766908169
small_flashing_square,framegen_exploratory,5,0.010058826766908169
small_flashing_square,framegen_exploratory,6,0.010058826766908169
small_flashing_square,framegen_exploratory,7,0.010058826766908169
small_flashing_square,framegen_exploratory,8,0.010058826766908169
small_flashing_square,framegen_exploratory,9,0.010058826766908169
small_flashing_square,framegen_exploratory,10,0.010058826766908169
small_flashing_square,framegen_exploratory,11,0.010058826766908169
small_flashing_square,framegen_exploratory,12,0.010058826766908169
small_flashing_square,framegen_exploratory,13,0.010058826766908169
small_flashing_square,framegen_exploratory,14,0.010058826766908169
small_flashing_square,framegen_exploratory,15,0.010058826766908169
small_flashing_square,framegen_exploratory,16,0.010058826766908169
small_flashing_square,framegen_exploratory,17,0.010058826766908169
small_flashing_square,framegen_exploratory,18,0.010058826766908169
small_flashing_square,framegen_exploratory,19,0.010058826766908169
small_flashing_square,framegen_exploratory,20,0.010058826766908169
small_flashing_square,framegen_exploratory,21,0.010058826766908169
small_flashing_square,framegen_exploratory,22,0.010058826766908169
small_flashing_square,framegen_exploratory,23,1.1427477147663012e-05
medium_flashing_region,none,0,0.0
medium_flashing_region,none,1,0.18857689201831818
medium_flashing_region,none,2,0.18857689201831818
medium_flashing_region,none,3,0.18857689201831818
medium_flashing_region,none,4,0.18857689201831818
medium_flashing_region,none,5,0.18857689201831818
medium_flashing_region,none,6,0.18857689201831818
medium_flashing_region,none,7,0.18857689201831818
medium_flashing_region,none,8,0.18857689201831818
medium_flashing_region,none,9,0.18857689201831818
medium_flashing_region,none,10,0.18857689201831818
medium_flashing_region,none,11,0.18857689201831818
medium_flashing_region,none,12,0.18857689201831818
medium_flashing_region,none,13,0.18857689201831818
medium_flashing_region,none,14,0.18857689201831818
medium_flashing_region,none,15,0.18857689201831818
medium_flashing_region,none,16,0.18857689201831818
medium_flashing_region,none,17,0.18857689201831818
medium_flashing_region,none,18,0.18857689201831818
medium_flashing_region,none,19,0.18857689201831818
medium_flashing_region,none,20,0.18857689201831818
medium_flashing_region,none,21,0.18857689201831818
medium_flashing_region,none,22,0.18857689201831818
medium_flashing_region,none,23,0.18857689201831818
medium_flashing_region,global,0,0.0
medium_flashing_region,global,1,0.03337832912802696
medium_flashing_region,global,2,0.01513509452342987
medium_flashing_region,global,3,0.03891120105981827
medium_flashing_region,global,4,0.027373425662517548
medium_flashing_region,global,5,0.03933575749397278
medium_flashing_region,global,6,0.03371914103627205
medium_flashing_region,global,7,0.03912811353802681
medium_flashing_region,global,8,0.036618661135435104
medium_flashing_region,global,9,0.03896819427609444
medium_flashing_region,global,10,0.03788331151008606
medium_flashing_region,global,11,0.038887545466423035
medium_flashing_region,global,12,0.038424745202064514
medium_flashing_region,global,13,0.03885111212730408
medium_flashing_region,global,14,0.03865480795502663
medium_flashing_region,global,15,0.0388353131711483
medium_flashing_region,global,16,0.03875221312046051
medium_flashing_region,global,17,0.038828544318675995
medium_flashing_region,global,18,0.0387934185564518
medium_flashing_region,global,19,0.03882567211985588
medium_flashing_region,global,20,0.03881081938743591
medium_flashing_region,global,21,0.03882444649934769
medium_flashing_region,global,22,0.03881818428635597
medium_flashing_region,global,23,0.03882395848631859
medium_flashing_region,localized,0,0.0
medium_flashing_region,localized,1,0.04212769865989685
medium_flashing_region,localized,2,0.023322144523262978
medium_flashing_region,localized,3,0.047162365168333054
medium_flashing_region,localized,4,0.036983948200941086
medium_flashing_region,localized,5,0.04731070250272751
medium_flashing_region,localized,6,0.04280010238289833
medium_flashing_region,localized,7,0.047095928341150284
medium_flashing_region,localized,8,0.04519245773553848
medium_flashing_region,localized,9,0.046963319182395935
medium_flashing_region,localized,10,0.04617175832390785
medium_flashing_region,localized,11,0.04690143093466759
medium_flashing_region,localized,12,0.04657338559627533
medium_flashing_region,localized,13,0.046874698251485825
medium_flashing_region,localized,14,0.04673868790268898
medium_flashing_region,localized,15,0.04686344787478447
medium_flashing_region,localized,16,0.04680696129798889
medium_flashing_region,localized,17,0.046858757734298706
medium_flashing_region,localized,18,0.04683525487780571
medium_flashing_region,localized,19,0.046856801956892014
medium_flashing_region,localized,20,0.04684700816869736
medium_flashing_region,localized,21,0.04685598611831665
medium_flashing_region,localized,22,0.04685189574956894
medium_flashing_region,localized,23,0.04685564339160919
medium_flashing_region,adaptive,0,0.0
medium_flashing_region,adaptive,1,0.18857689201831818
medium_flashing_region,adaptive,2,0.035470228642225266
medium_flashing_region,adaptive,3,0.023967435583472252
medium_flashing_region,adaptive,4,0.030498359352350235
medium_flashing_region,adaptive,5,0.024985475465655327
medium_flashing_region,adaptive,6,0.028632577508687973
medium_flashing_region,adaptive,7,0.025374962016940117
medium_flashing_region,adaptive,8,0.027771739289164543
medium_flashing_region,adaptive,9,0.025565123185515404
medium_flashing_region,adaptive,10,0.027309469878673553
medium_flashing_region,adaptive,11,0.02567332237958908
medium_flashing_region,adaptive,12,0.027029799297451973
medium_flashing_region,adaptive,13,0.02574188821017742
medium_flashing_region,adaptive,14,0.026844551786780357
medium_flashing_region,adaptive,15,0.025788910686969757
medium_flashing_region,adaptive,16,0.0267135351896286
medium_flashing_region,adaptive,17,0.0258230771869421
medium_flashing_region,adaptive,18,0.02661643922328949
medium_flashing_region,adaptive,19,0.025848975405097008
medium_flashing_region,adaptive,20,0.02654193714261055
medium_flashing_region,adaptive,21,0.02586924098432064
medium_flashing_region,adaptive,22,0.026483207941055298
medium_flashing_region,adaptive,23,0.025885475799441338
medium_flashing_region,enhanced_exploratory,0,0.0
medium_flashing_region,enhanced_exploratory,1,0.18857689201831818
medium_flashing_region,enhanced_exploratory,2,0.035470228642225266
medium_flashing_region,enhanced_exploratory,3,0.023967435583472252
medium_flashing_region,enhanced_exploratory,4,0.030498359352350235
medium_flashing_region,enhanced_exploratory,5,0.024985475465655327
medium_flashing_region,enhanced_exploratory,6,0.028632577508687973
medium_flashing_region,enhanced_exploratory,7,0.025374962016940117
medium_flashing_region,enhanced_exploratory,8,0.027771739289164543
medium_flashing_region,enhanced_exploratory,9,0.025565123185515404
medium_flashing_region,enhanced_exploratory,10,0.027309469878673553
medium_flashing_region,enhanced_exploratory,11,0.02567332237958908
medium_flashing_region,enhanced_exploratory,12,0.027029799297451973
medium_flashing_region,enhanced_exploratory,13,0.02574188821017742
medium_flashing_region,enhanced_exploratory,14,0.026844551786780357
medium_flashing_region,enhanced_exploratory,15,0.025788910686969757
medium_flashing_region,enhanced_exploratory,16,0.0267135351896286
medium_flashing_region,enhanced_exploratory,17,0.0258230771869421
medium_flashing_region,enhanced_exploratory,18,0.02661643922328949
medium_flashing_region,enhanced_exploratory,19,0.02584897354245186
medium_flashing_region,enhanced_exploratory,20,0.02654193714261055
medium_flashing_region,enhanced_exploratory,21,0.02586924098432064
medium_flashing_region,enhanced_exploratory,22,0.026483207941055298
medium_flashing_region,enhanced_exploratory,23,0.025885475799441338
medium_flashing_region,framegen_exploratory,0,0.0
medium_flashing_region,framegen_exploratory,1,0.005271852947771549
medium_flashing_region,framegen_exploratory,2,0.16603149473667145
medium_flashing_region,framegen_exploratory,3,0.16603149473667145
medium_flashing_region,framegen_exploratory,4,0.16603149473667145
medium_flashing_region,framegen_exploratory,5,0.16603149473667145
medium_flashing_region,framegen_exploratory,6,0.16603149473667145
medium_flashing_region,framegen_exploratory,7,0.16603149473667145
medium_flashing_region,framegen_exploratory,8,0.16603149473667145
medium_flashing_region,framegen_exploratory,9,0.16603149473667145
medium_flashing_region,framegen_exploratory,10,0.16603149473667145
medium_flashing_region,framegen_exploratory,11,0.16603149473667145
medium_flashing_region,framegen_exploratory,12,0.16603149473667145
medium_flashing_region,framegen_exploratory,13,0.16603149473667145
medium_flashing_region,framegen_exploratory,14,0.16603149473667145
medium_flashing_region,framegen_exploratory,15,0.16603149473667145
medium_flashing_region,framegen_exploratory,16,0.16603149473667145
medium_flashing_region,framegen_exploratory,17,0.16603149473667145
medium_flashing_region,framegen_exploratory,18,0.16603149473667145
medium_flashing_region,framegen_exploratory,19,0.16603149473667145
medium_flashing_region,framegen_exploratory,20,0.16603149473667145
medium_flashing_region,framegen_exploratory,21,0.16603149473667145
medium_flashing_region,framegen_exploratory,22,0.16603149473667145
medium_flashing_region,framegen_exploratory,23,0.017462898045778275
multiple_regions,none,0,0.0
multiple_regions,none,1,0.06828092783689499
multiple_regions,none,2,0.14036181569099426
multiple_regions,none,3,0.14036181569099426
multiple_regions,none,4,0.14036181569099426
multiple_regions,none,5,0.14036181569099426
multiple_regions,none,6,0.14036181569099426
multiple_regions,none,7,0.14036181569099426
multiple_regions,none,8,0.14036181569099426
multiple_regions,none,9,0.14036181569099426
multiple_regions,none,10,0.14036181569099426
multiple_regions,none,11,0.14036181569099426
multiple_regions,none,12,0.14036181569099426
multiple_regions,none,13,0.14036181569099426
multiple_regions,none,14,0.14036181569099426
multiple_regions,none,15,0.14036181569099426
multiple_regions,none,16,0.14036181569099426
multiple_regions,none,17,0.14036181569099426
multiple_regions,none,18,0.14036181569099426
multiple_regions,none,19,0.14036181569099426
multiple_regions,none,20,0.14036181569099426
multiple_regions,none,21,0.14036181569099426
multiple_regions,none,22,0.14036181569099426
multiple_regions,none,23,0.14036181569099426
multiple_regions,global,0,0.0
multiple_regions,global,1,0.06828092783689499
multiple_regions,global,2,0.04919055476784706
multiple_regions,global,3,0.016604192554950714
multiple_regions,global,4,0.03634433448314667
multiple_regions,global,5,0.023284535855054855
multiple_regions,global,6,0.031643763184547424
multiple_regions,global,7,0.026192620396614075
multiple_regions,global,8,0.02974267117679119
multiple_regions,global,9,0.02744721621274948
multiple_regions,global,10,0.028951501473784447
multiple_regions,global,11,0.027982722967863083
multiple_regions,global,12,0.028619147837162018
multiple_regions,global,13,0.028210004791617393
multiple_regions,global,14,0.02847905643284321
multiple_regions,global,15,0.02830621972680092
multiple_regions,global,16,0.02841992862522602
multiple_regions,global,17,0.02834690921008587
multiple_regions,global,18,0.028394950553774834
multiple_regions,global,19,0.02836410328745842
multiple_regions,global,20,0.028384406119585037
multiple_regions,global,21,0.02837136946618557
multiple_regions,global,22,0.02837994508445263
multiple_regions,global,23,0.028374439105391502
multiple_regions,localized,0,0.0
multiple_regions,localized,1,0.015980878844857216
multiple_regions,localized,2,0.021734148263931274
multiple_regions,localized,3,0.021623264998197556
multiple_regions,localized,4,0.0273058470338583
multiple_regions,localized,5,0.02666878141462803
multiple_regions,localized,6,0.02950039692223072
multiple_regions,localized,7,0.02904438227415085
multiple_regions,localized,8,0.030289320275187492
multiple_regions,localized,9,0.030069269239902496
multiple_regions,localized,10,0.030595190823078156
multiple_regions,localized,11,0.03049924410879612
multiple_regions,localized,12,0.030718496069312096
multiple_regions,localized,13,0.03067806363105774
multiple_regions,localized,14,0.030769148841500282
multiple_regions,localized,15,0.03075229935348034
multiple_regions,localized,16,0.030790138989686966
multiple_regions,localized,17,0.030783141031861305
multiple_regions,localized,18,0.030798882246017456
multiple_regions,localized,19,0.030795970931649208
multiple_regions,localized,20,0.03080252930521965
multiple_regions,localized,21,0.0308013204485178
multiple_regions,localized,22,0.03080405667424202
multiple_regions,localized,23,0.030803553760051727
multiple_regions,adaptive,0,0.0
multiple_regions,adaptive,1,0.06828092783689499
multiple_regions,adaptive,2,0.08944963663816452
multiple_regions,adaptive,3,0.026957936584949493
multiple_regions,adaptive,4,0.02287742681801319
multiple_regions,adaptive,5,0.023591360077261925
multiple_regions,adaptive,6,0.02212526835501194
multiple_regions,adaptive,7,0.022398002445697784
multiple_regions,adaptive,8,0.021729519590735435
multiple_regions,adaptive,9,0.02187017910182476
multiple_regions,adaptive,10,0.021508898586034775
multiple_regions,adaptive,11,0.02159498818218708
multiple_regions,adaptive,12,0.021372918039560318
multiple_regions,adaptive,13,0.02143176458775997
multiple_regions,adaptive,14,0.021281784400343895
multiple_regions,adaptive,15,0.021325204521417618
multiple_regions,adaptive,16,0.021216947585344315
multiple_regions,adaptive,17,0.021250762045383453
multiple_regions,adaptive,18,0.021168837323784828
multiple_regions,adaptive,19,0.02119619771838188
multiple_regions,adaptive,20,0.021131986752152443
multiple_regions,adaptive,21,0.02115475945174694
multiple_regions,adaptive,22,0.021103009581565857
multiple_regions,adaptive,23,0.021122366189956665
multiple_regions,enhanced_exploratory,0,0.0
multiple_regions,enhanced_exploratory,1,0.06828092783689499
multiple_regions,enhanced_exploratory,2,0.08064522594213486
multiple_regions,enhanced_exploratory,3,0.01597965508699417
multiple_regions,enhanced_exploratory,4,0.014848461374640465
multiple_regions,enhanced_exploratory,5,0.015284757129848003
multiple_regions,enhanced_exploratory,6,0.01470897626131773
multiple_regions,enhanced_exploratory,7,0.015004697255790234
multiple_regions,enhanced_exploratory,8,0.014634225517511368
multiple_regions,enhanced_exploratory,9,0.014865683391690254
multiple_regions,enhanced_exploratory,10,0.014593160711228848
multiple_regions,enhanced_exploratory,11,0.014784307219088078
multiple_regions,enhanced_exploratory,12,0.014568481594324112
multiple_regions,enhanced_exploratory,13,0.014730315655469894
multiple_regions,enhanced_exploratory,14,0.014552336186170578
multiple_regions,enhanced_exploratory,15,0.014691241085529327
multiple_regions,enhanced_exploratory,16,0.014541061595082283
multiple_regions,enhanced_exploratory,17,0.014661312103271484
multiple_regions,enhanced_exploratory,18,0.014532793313264847
multiple_regions,enhanced_exploratory,19,0.014637506566941738
multiple_regions,enhanced_exploratory,20,0.014526484534144402
multiple_regions,enhanced_exploratory,21,0.014618068933486938
multiple_regions,enhanced_exploratory,22,0.014521499164402485
multiple_regions,enhanced_exploratory,23,0.014601875096559525
multiple_regions,framegen_exploratory,0,0.0
multiple_regions,framegen_exploratory,1,0.003388375975191593
multiple_regions,framegen_exploratory,2,0.06491480022668839
multiple_regions,framegen_exploratory,3,0.13383936882019043
multiple_regions,framegen_exploratory,4,0.13383936882019043
multiple_regions,framegen_exploratory,5,0.13383936882019043
multiple_regions,framegen_exploratory,6,0.13383936882019043
multiple_regions,framegen_exploratory,7,0.13383936882019043
multiple_regions,framegen_exploratory,8,0.13383936882019043
multiple_regions,framegen_exploratory,9,0.13383936882019043
multiple_regions,framegen_exploratory,10,0.13383936882019043
multiple_regions,framegen_exploratory,11,0.13383936882019043
multiple_regions,framegen_exploratory,12,0.13383936882019043
multiple_regions,framegen_exploratory,13,0.13383936882019043
multiple_regions,framegen_exploratory,14,0.13383936882019043
multiple_regions,framegen_exploratory,15,0.13383936882019043
multiple_regions,framegen_exploratory,16,0.13383936882019043
multiple_regions,framegen_exploratory,17,0.13383936882019043
multiple_regions,framegen_exploratory,18,0.13383936882019043
multiple_regions,framegen_exploratory,19,0.13383936882019043
multiple_regions,framegen_exploratory,20,0.13383936882019043
multiple_regions,framegen_exploratory,21,0.13383936882019043
multiple_regions,framegen_exploratory,22,0.13383936882019043
multiple_regions,framegen_exploratory,23,0.0030489470809698105
static_texture,none,0,0.0
static_texture,none,1,0.0
static_texture,none,2,0.0
static_texture,none,3,0.0
static_texture,none,4,0.0
static_texture,none,5,0.0
static_texture,none,6,0.0
static_texture,none,7,0.0
static_texture,none,8,0.0
static_texture,none,9,0.0
static_texture,none,10,0.0
static_texture,none,11,0.0
static_texture,none,12,0.0
static_texture,none,13,0.0
static_texture,none,14,0.0
static_texture,none,15,0.0
static_texture,none,16,0.0
static_texture,none,17,0.0
static_texture,none,18,0.0
static_texture,none,19,0.0
static_texture,none,20,0.0
static_texture,none,21,0.0
static_texture,none,22,0.0
static_texture,none,23,0.0
static_texture,global,0,0.0
static_texture,global,1,0.0
static_texture,global,2,0.0
static_texture,global,3,0.0
static_texture,global,4,0.0
static_texture,global,5,0.0
static_texture,global,6,0.0
static_texture,global,7,0.0
static_texture,global,8,0.0
static_texture,global,9,0.0
static_texture,global,10,0.0
static_texture,global,11,0.0
static_texture,global,12,0.0
static_texture,global,13,0.0
static_texture,global,14,0.0
static_texture,global,15,0.0
static_texture,global,16,0.0
static_texture,global,17,0.0
static_texture,global,18,0.0
static_texture,global,19,0.0
static_texture,global,20,0.0
static_texture,global,21,0.0
static_texture,global,22,0.0
static_texture,global,23,0.0
static_texture,localized,0,0.0
static_texture,localized,1,0.0
static_texture,localized,2,0.0
static_texture,localized,3,0.0
static_texture,localized,4,0.0
static_texture,localized,5,0.0
static_texture,localized,6,0.0
static_texture,localized,7,0.0
static_texture,localized,8,0.0
static_texture,localized,9,0.0
static_texture,localized,10,0.0
static_texture,localized,11,0.0
static_texture,localized,12,0.0
static_texture,localized,13,0.0
static_texture,localized,14,0.0
static_texture,localized,15,0.0
static_texture,localized,16,0.0
static_texture,localized,17,0.0
static_texture,localized,18,0.0
static_texture,localized,19,0.0
static_texture,localized,20,0.0
static_texture,localized,21,0.0
static_texture,localized,22,0.0
static_texture,localized,23,0.0
static_texture,adaptive,0,0.0
static_texture,adaptive,1,0.0
static_texture,adaptive,2,0.0
static_texture,adaptive,3,0.0
static_texture,adaptive,4,0.0
static_texture,adaptive,5,0.0
static_texture,adaptive,6,0.0
static_texture,adaptive,7,0.0
static_texture,adaptive,8,0.0
static_texture,adaptive,9,0.0
static_texture,adaptive,10,0.0
static_texture,adaptive,11,0.0
static_texture,adaptive,12,0.0
static_texture,adaptive,13,0.0
static_texture,adaptive,14,0.0
static_texture,adaptive,15,0.0
static_texture,adaptive,16,0.0
static_texture,adaptive,17,0.0
static_texture,adaptive,18,0.0
static_texture,adaptive,19,0.0
static_texture,adaptive,20,0.0
static_texture,adaptive,21,0.0
static_texture,adaptive,22,0.0
static_texture,adaptive,23,0.0
static_texture,enhanced_exploratory,0,0.0
static_texture,enhanced_exploratory,1,0.0
static_texture,enhanced_exploratory,2,0.0
static_texture,enhanced_exploratory,3,0.0
static_texture,enhanced_exploratory,4,0.0
static_texture,enhanced_exploratory,5,0.0
static_texture,enhanced_exploratory,6,0.0
static_texture,enhanced_exploratory,7,0.0
static_texture,enhanced_exploratory,8,0.0
static_texture,enhanced_exploratory,9,0.0
static_texture,enhanced_exploratory,10,0.0
static_texture,enhanced_exploratory,11,0.0
static_texture,enhanced_exploratory,12,0.0
static_texture,enhanced_exploratory,13,0.0
static_texture,enhanced_exploratory,14,0.0
static_texture,enhanced_exploratory,15,0.0
static_texture,enhanced_exploratory,16,0.0
static_texture,enhanced_exploratory,17,0.0
static_texture,enhanced_exploratory,18,0.0
static_texture,enhanced_exploratory,19,0.0
static_texture,enhanced_exploratory,20,0.0
static_texture,enhanced_exploratory,21,0.0
static_texture,enhanced_exploratory,22,0.0
static_texture,enhanced_exploratory,23,0.0
static_texture,framegen_exploratory,0,0.0
static_texture,framegen_exploratory,1,0.0
static_texture,framegen_exploratory,2,0.0
static_texture,framegen_exploratory,3,0.0
static_texture,framegen_exploratory,4,0.0
static_texture,framegen_exploratory,5,0.0
static_texture,framegen_exploratory,6,0.0
static_texture,framegen_exploratory,7,0.0
static_texture,framegen_exploratory,8,0.0
static_texture,framegen_exploratory,9,0.0
static_texture,framegen_exploratory,10,0.0
static_texture,framegen_exploratory,11,0.0
static_texture,framegen_exploratory,12,0.0
static_texture,framegen_exploratory,13,0.0
static_texture,framegen_exploratory,14,0.0
static_texture,framegen_exploratory,15,0.0
static_texture,framegen_exploratory,16,0.0
static_texture,framegen_exploratory,17,0.0
static_texture,framegen_exploratory,18,0.0
static_texture,framegen_exploratory,19,0.0
static_texture,framegen_exploratory,20,0.0
static_texture,framegen_exploratory,21,0.0
static_texture,framegen_exploratory,22,0.0
static_texture,framegen_exploratory,23,0.0
gradual_transition,none,0,0.0
gradual_transition,none,1,0.006270493380725384
gradual_transition,none,2,0.008108150213956833
gradual_transition,none,3,0.010074170306324959
gradual_transition,none,4,0.012157004326581955
gradual_transition,none,5,0.014347542077302933
gradual_transition,none,6,0.0166383758187294
gradual_transition,none,7,0.019023284316062927
gradual_transition,none,8,0.021497048437595367
gradual_transition,none,9,0.024055004119873047
gradual_transition,none,10,0.02669335901737213
gradual_transition,none,11,0.02940841019153595
gradual_transition,none,12,0.03219716250896454
gradual_transition,none,13,0.035056740045547485
gradual_transition,none,14,0.037984609603881836
gradual_transition,none,15,0.04097852110862732
gradual_transition,none,16,0.044036269187927246
gradual_transition,none,17,0.047155946493148804
gradual_transition,none,18,0.05033579468727112
gradual_transition,none,19,0.05357414484024048
gradual_transition,none,20,0.05686938762664795
gradual_transition,none,21,0.06022024154663086
gradual_transition,none,22,0.06362497806549072
gradual_transition,none,23,0.06708288192749023
gradual_transition,global,0,0.0
gradual_transition,global,1,0.006270493380725384
gradual_transition,global,2,0.008108150213956833
gradual_transition,global,3,0.010074170306324959
gradual_transition,global,4,0.012157004326581955
gradual_transition,global,5,0.014347542077302933
gradual_transition,global,6,0.0166383758187294
gradual_transition,global,7,0.019023284316062927
gradual_transition,global,8,0.021497048437595367
gradual_transition,global,9,0.024055004119873047
gradual_transition,global,10,0.02669335901737213
gradual_transition,global,11,0.02940841019153595
gradual_transition,global,12,0.03219716250896454
gradual_transition,global,13,0.035056740045547485
gradual_transition,global,14,0.037984609603881836
gradual_transition,global,15,0.04097852110862732
gradual_transition,global,16,0.044036269187927246
gradual_transition,global,17,0.047155946493148804
gradual_transition,global,18,0.05033579468727112
gradual_transition,global,19,0.05357414484024048
gradual_transition,global,20,0.05686938762664795
gradual_transition,global,21,0.06022024154663086
gradual_transition,global,22,0.06362497806549072
gradual_transition,global,23,0.06708288192749023
gradual_transition,localized,0,0.0
gradual_transition,localized,1,0.006270493380725384
gradual_transition,localized,2,0.008108150213956833
gradual_transition,localized,3,0.010074170306324959
gradual_transition,localized,4,0.012157004326581955
gradual_transition,localized,5,0.014347542077302933
gradual_transition,localized,6,0.0166383758187294
gradual_transition,localized,7,0.019023284316062927
gradual_transition,localized,8,0.021497048437595367
gradual_transition,localized,9,0.024055004119873047
gradual_transition,localized,10,0.02669335901737213
gradual_transition,localized,11,0.02940841019153595
gradual_transition,localized,12,0.03219716250896454
gradual_transition,localized,13,0.035056740045547485
gradual_transition,localized,14,0.037984609603881836
gradual_transition,localized,15,0.04097852110862732
gradual_transition,localized,16,0.044036269187927246
gradual_transition,localized,17,0.047155946493148804
gradual_transition,localized,18,0.05033579468727112
gradual_transition,localized,19,0.05357414484024048
gradual_transition,localized,20,0.05686938762664795
gradual_transition,localized,21,0.06022024154663086
gradual_transition,localized,22,0.06362497806549072
gradual_transition,localized,23,0.06708288192749023
gradual_transition,adaptive,0,0.0
gradual_transition,adaptive,1,0.006270493380725384
gradual_transition,adaptive,2,0.008108150213956833
gradual_transition,adaptive,3,0.010074170306324959
gradual_transition,adaptive,4,0.012157004326581955
gradual_transition,adaptive,5,0.014347542077302933
gradual_transition,adaptive,6,0.0166383758187294
gradual_transition,adaptive,7,0.019023284316062927
gradual_transition,adaptive,8,0.021497048437595367
gradual_transition,adaptive,9,0.024055004119873047
gradual_transition,adaptive,10,0.02669335901737213
gradual_transition,adaptive,11,0.02940841019153595
gradual_transition,adaptive,12,0.03219716250896454
gradual_transition,adaptive,13,0.035056740045547485
gradual_transition,adaptive,14,0.037984609603881836
gradual_transition,adaptive,15,0.04097852110862732
gradual_transition,adaptive,16,0.044036269187927246
gradual_transition,adaptive,17,0.047155946493148804
gradual_transition,adaptive,18,0.05033579468727112
gradual_transition,adaptive,19,0.05357414484024048
gradual_transition,adaptive,20,0.05686938762664795
gradual_transition,adaptive,21,0.06022024154663086
gradual_transition,adaptive,22,0.06362497806549072
gradual_transition,adaptive,23,0.06708288192749023
gradual_transition,enhanced_exploratory,0,0.0
gradual_transition,enhanced_exploratory,1,0.006270493380725384
gradual_transition,enhanced_exploratory,2,0.008108150213956833
gradual_transition,enhanced_exploratory,3,0.010074170306324959
gradual_transition,enhanced_exploratory,4,0.012157004326581955
gradual_transition,enhanced_exploratory,5,0.014347542077302933
gradual_transition,enhanced_exploratory,6,0.0166383758187294
gradual_transition,enhanced_exploratory,7,0.019023284316062927
gradual_transition,enhanced_exploratory,8,0.021497048437595367
gradual_transition,enhanced_exploratory,9,0.024055004119873047
gradual_transition,enhanced_exploratory,10,0.02669335901737213
gradual_transition,enhanced_exploratory,11,0.02940841019153595
gradual_transition,enhanced_exploratory,12,0.03219716250896454
gradual_transition,enhanced_exploratory,13,0.035056740045547485
gradual_transition,enhanced_exploratory,14,0.037984609603881836
gradual_transition,enhanced_exploratory,15,0.04097852110862732
gradual_transition,enhanced_exploratory,16,0.044036269187927246
gradual_transition,enhanced_exploratory,17,0.047155946493148804
gradual_transition,enhanced_exploratory,18,0.05033579468727112
gradual_transition,enhanced_exploratory,19,0.05357414484024048
gradual_transition,enhanced_exploratory,20,0.05686938762664795
gradual_transition,enhanced_exploratory,21,0.06022024154663086
gradual_transition,enhanced_exploratory,22,0.06362497806549072
gradual_transition,enhanced_exploratory,23,0.06708288192749023
gradual_transition,framegen_exploratory,0,0.0
gradual_transition,framegen_exploratory,1,0.006270493380725384
gradual_transition,framegen_exploratory,2,0.008108150213956833
gradual_transition,framegen_exploratory,3,0.010074170306324959
gradual_transition,framegen_exploratory,4,0.012157004326581955
gradual_transition,framegen_exploratory,5,0.014347542077302933
gradual_transition,framegen_exploratory,6,0.0166383758187294
gradual_transition,framegen_exploratory,7,0.019023284316062927
gradual_transition,framegen_exploratory,8,0.021497048437595367
gradual_transition,framegen_exploratory,9,0.024055004119873047
gradual_transition,framegen_exploratory,10,0.02669335901737213
gradual_transition,framegen_exploratory,11,0.02940841019153595
gradual_transition,framegen_exploratory,12,0.03219716250896454
gradual_transition,framegen_exploratory,13,0.035056740045547485
gradual_transition,framegen_exploratory,14,0.037984609603881836
gradual_transition,framegen_exploratory,15,0.04097852110862732
gradual_transition,framegen_exploratory,16,0.044036269187927246
gradual_transition,framegen_exploratory,17,0.047155946493148804
gradual_transition,framegen_exploratory,18,0.05033579468727112
gradual_transition,framegen_exploratory,19,0.05357414484024048
gradual_transition,framegen_exploratory,20,0.05686938762664795
gradual_transition,framegen_exploratory,21,0.06022024154663086
gradual_transition,framegen_exploratory,22,0.06362497806549072
gradual_transition,framegen_exploratory,23,0.06708288192749023
scene_cut,none,0,0.0
scene_cut,none,1,0.0
scene_cut,none,2,0.0
scene_cut,none,3,0.0
scene_cut,none,4,0.0
scene_cut,none,5,0.0
scene_cut,none,6,0.0
scene_cut,none,7,0.0
scene_cut,none,8,0.0
scene_cut,none,9,0.0
scene_cut,none,10,0.0
scene_cut,none,11,0.0
scene_cut,none,12,0.6589664220809937
scene_cut,none,13,0.0
scene_cut,none,14,0.0
scene_cut,none,15,0.0
scene_cut,none,16,0.0
scene_cut,none,17,0.0
scene_cut,none,18,0.0
scene_cut,none,19,0.0
scene_cut,none,20,0.0
scene_cut,none,21,0.0
scene_cut,none,22,0.0
scene_cut,none,23,0.0
scene_cut,global,0,0.0
scene_cut,global,1,0.0
scene_cut,global,2,0.0
scene_cut,global,3,0.0
scene_cut,global,4,0.0
scene_cut,global,5,0.0
scene_cut,global,6,0.0
scene_cut,global,7,0.0
scene_cut,global,8,0.0
scene_cut,global,9,0.0
scene_cut,global,10,0.0
scene_cut,global,11,0.0
scene_cut,global,12,0.11985871195793152
scene_cut,global,13,0.5391077399253845
scene_cut,global,14,0.0
scene_cut,global,15,0.0
scene_cut,global,16,0.0
scene_cut,global,17,0.0
scene_cut,global,18,0.0
scene_cut,global,19,0.0
scene_cut,global,20,0.0
scene_cut,global,21,0.0
scene_cut,global,22,0.0
scene_cut,global,23,0.0
scene_cut,localized,0,0.0
scene_cut,localized,1,0.0
scene_cut,localized,2,0.0
scene_cut,localized,3,0.0
scene_cut,localized,4,0.0
scene_cut,localized,5,0.0
scene_cut,localized,6,0.0
scene_cut,localized,7,0.0
scene_cut,localized,8,0.0
scene_cut,localized,9,0.0
scene_cut,localized,10,0.0
scene_cut,localized,11,0.0
scene_cut,localized,12,0.11985871195793152
scene_cut,localized,13,0.13759376108646393
scene_cut,localized,14,0.4015139639377594
scene_cut,localized,15,0.0
scene_cut,localized,16,0.0
scene_cut,localized,17,0.0
scene_cut,localized,18,0.0
scene_cut,localized,19,0.0
scene_cut,localized,20,0.0
scene_cut,localized,21,0.0
scene_cut,localized,22,0.0
scene_cut,localized,23,0.0
scene_cut,adaptive,0,0.0
scene_cut,adaptive,1,0.0
scene_cut,adaptive,2,0.0
scene_cut,adaptive,3,0.0
scene_cut,adaptive,4,0.0
scene_cut,adaptive,5,0.0
scene_cut,adaptive,6,0.0
scene_cut,adaptive,7,0.0
scene_cut,adaptive,8,0.0
scene_cut,adaptive,9,0.0
scene_cut,adaptive,10,0.0
scene_cut,adaptive,11,0.0
scene_cut,adaptive,12,0.6589664220809937
scene_cut,adaptive,13,0.0
scene_cut,adaptive,14,0.0
scene_cut,adaptive,15,0.0
scene_cut,adaptive,16,0.0
scene_cut,adaptive,17,0.0
scene_cut,adaptive,18,0.0
scene_cut,adaptive,19,0.0
scene_cut,adaptive,20,0.0
scene_cut,adaptive,21,0.0
scene_cut,adaptive,22,0.0
scene_cut,adaptive,23,0.0
scene_cut,enhanced_exploratory,0,0.0
scene_cut,enhanced_exploratory,1,0.0
scene_cut,enhanced_exploratory,2,0.0
scene_cut,enhanced_exploratory,3,0.0
scene_cut,enhanced_exploratory,4,0.0
scene_cut,enhanced_exploratory,5,0.0
scene_cut,enhanced_exploratory,6,0.0
scene_cut,enhanced_exploratory,7,0.0
scene_cut,enhanced_exploratory,8,0.0
scene_cut,enhanced_exploratory,9,0.0
scene_cut,enhanced_exploratory,10,0.0
scene_cut,enhanced_exploratory,11,0.0
scene_cut,enhanced_exploratory,12,0.6589664220809937
scene_cut,enhanced_exploratory,13,0.0
scene_cut,enhanced_exploratory,14,0.0
scene_cut,enhanced_exploratory,15,0.0
scene_cut,enhanced_exploratory,16,0.0
scene_cut,enhanced_exploratory,17,0.0
scene_cut,enhanced_exploratory,18,0.0
scene_cut,enhanced_exploratory,19,0.0
scene_cut,enhanced_exploratory,20,0.0
scene_cut,enhanced_exploratory,21,0.0
scene_cut,enhanced_exploratory,22,0.0
scene_cut,enhanced_exploratory,23,0.0
scene_cut,framegen_exploratory,0,0.0
scene_cut,framegen_exploratory,1,0.0
scene_cut,framegen_exploratory,2,0.0
scene_cut,framegen_exploratory,3,0.0
scene_cut,framegen_exploratory,4,0.0
scene_cut,framegen_exploratory,5,0.0
scene_cut,framegen_exploratory,6,0.0
scene_cut,framegen_exploratory,7,0.0
scene_cut,framegen_exploratory,8,0.0
scene_cut,framegen_exploratory,9,0.0
scene_cut,framegen_exploratory,10,0.0
scene_cut,framegen_exploratory,11,0.0
scene_cut,framegen_exploratory,12,0.6589664220809937
scene_cut,framegen_exploratory,13,0.0
scene_cut,framegen_exploratory,14,0.0
scene_cut,framegen_exploratory,15,0.0
scene_cut,framegen_exploratory,16,0.0
scene_cut,framegen_exploratory,17,0.0
scene_cut,framegen_exploratory,18,0.0
scene_cut,framegen_exploratory,19,0.0
scene_cut,framegen_exploratory,20,0.0
scene_cut,framegen_exploratory,21,0.0
scene_cut,framegen_exploratory,22,0.0
scene_cut,framegen_exploratory,23,0.0
global_brightness_change,none,0,0.0
global_brightness_change,none,1,0.07315860688686371
global_brightness_change,none,2,0.08164389431476593
global_brightness_change,none,3,0.0799936056137085
global_brightness_change,none,4,0.06620776653289795
global_brightness_change,none,5,0.04115104675292969
global_brightness_change,none,6,0.008632957935333252
global_brightness_change,none,7,0.025490224361419678
global_brightness_change,none,8,0.05491316318511963
global_brightness_change,none,9,0.07463657855987549
global_brightness_change,none,10,0.08227011561393738
global_brightness_change,none,11,0.0784531831741333
global_brightness_change,none,12,0.0662979781627655
global_brightness_change,none,13,0.05012374371290207
global_brightness_change,none,14,0.033993542194366455
global_brightness_change,none,15,0.020599327981472015
global_brightness_change,none,16,0.010834475979208946
global_brightness_change,none,17,0.0040529221296310425
global_brightness_change,none,18,0.0013103913515806198
global_brightness_change,none,19,0.007154820486903191
global_brightness_change,none,20,0.015274124220013618
global_brightness_change,none,21,0.026856660842895508
global_brightness_change,none,22,0.04184398055076599
global_brightness_change,none,23,0.05843739956617355
global_brightness_change,global,0,0.0
global_brightness_change,global,1,0.07315860688686371
global_brightness_change,global,2,0.08164389431476593
global_brightness_change,global,3,0.0799936056137085
global_brightness_change,global,4,0.06620776653289795
global_brightness_change,global,5,0.04115104675292969
global_brightness_change,global,6,0.008632957935333252
global_brightness_change,global,7,0.025490224361419678
global_brightness_change,global,8,0.05491316318511963
global_brightness_change,global,9,0.07463657855987549
global_brightness_change,global,10,0.08227011561393738
global_brightness_change,global,11,0.0784531831741333
global_brightness_change,global,12,0.0662979781627655
global_brightness_change,global,13,0.05012374371290207
global_brightness_change,global,14,0.033993542194366455
global_brightness_change,global,15,0.020599327981472015
global_brightness_change,global,16,0.010834475979208946
global_brightness_change,global,17,0.0040529221296310425
global_brightness_change,global,18,0.0013103913515806198
global_brightness_change,global,19,0.007154820486903191
global_brightness_change,global,20,0.015274124220013618
global_brightness_change,global,21,0.026856660842895508
global_brightness_change,global,22,0.04184398055076599
global_brightness_change,global,23,0.05843739956617355
global_brightness_change,localized,0,0.0
global_brightness_change,localized,1,0.07315860688686371
global_brightness_change,localized,2,0.08164389431476593
global_brightness_change,localized,3,0.0799936056137085
global_brightness_change,localized,4,0.06620776653289795
global_brightness_change,localized,5,0.04115104675292969
global_brightness_change,localized,6,0.008632957935333252
global_brightness_change,localized,7,0.025490224361419678
global_brightness_change,localized,8,0.05491316318511963
global_brightness_change,localized,9,0.07463657855987549
global_brightness_change,localized,10,0.08227011561393738
global_brightness_change,localized,11,0.0784531831741333
global_brightness_change,localized,12,0.0662979781627655
global_brightness_change,localized,13,0.05012374371290207
global_brightness_change,localized,14,0.033993542194366455
global_brightness_change,localized,15,0.020599327981472015
global_brightness_change,localized,16,0.010834475979208946
global_brightness_change,localized,17,0.0040529221296310425
global_brightness_change,localized,18,0.0013103913515806198
global_brightness_change,localized,19,0.007154820486903191
global_brightness_change,localized,20,0.015274124220013618
global_brightness_change,localized,21,0.026856660842895508
global_brightness_change,localized,22,0.04184398055076599
global_brightness_change,localized,23,0.05843739956617355
global_brightness_change,adaptive,0,0.0
global_brightness_change,adaptive,1,0.07315860688686371
global_brightness_change,adaptive,2,0.08164389431476593
global_brightness_change,adaptive,3,0.0799936056137085
global_brightness_change,adaptive,4,0.06620776653289795
global_brightness_change,adaptive,5,0.04115104675292969
global_brightness_change,adaptive,6,0.008632957935333252
global_brightness_change,adaptive,7,0.025490224361419678
global_brightness_change,adaptive,8,0.05491316318511963
global_brightness_change,adaptive,9,0.07463657855987549
global_brightness_change,adaptive,10,0.08227011561393738
global_brightness_change,adaptive,11,0.0784531831741333
global_brightness_change,adaptive,12,0.0662979781627655
global_brightness_change,adaptive,13,0.05012374371290207
global_brightness_change,adaptive,14,0.033993542194366455
global_brightness_change,adaptive,15,0.020599327981472015
global_brightness_change,adaptive,16,0.010834475979208946
global_brightness_change,adaptive,17,0.0040529221296310425
global_brightness_change,adaptive,18,0.0013103913515806198
global_brightness_change,adaptive,19,0.007154820486903191
global_brightness_change,adaptive,20,0.015274124220013618
global_brightness_change,adaptive,21,0.026856660842895508
global_brightness_change,adaptive,22,0.04184398055076599
global_brightness_change,adaptive,23,0.05843739956617355
global_brightness_change,enhanced_exploratory,0,0.0
global_brightness_change,enhanced_exploratory,1,0.07315860688686371
global_brightness_change,enhanced_exploratory,2,0.08164389431476593
global_brightness_change,enhanced_exploratory,3,0.0799936056137085
global_brightness_change,enhanced_exploratory,4,0.06620776653289795
global_brightness_change,enhanced_exploratory,5,0.04115104675292969
global_brightness_change,enhanced_exploratory,6,0.008632957935333252
global_brightness_change,enhanced_exploratory,7,0.025490224361419678
global_brightness_change,enhanced_exploratory,8,0.05491316318511963
global_brightness_change,enhanced_exploratory,9,0.07463657855987549
global_brightness_change,enhanced_exploratory,10,0.08227011561393738
global_brightness_change,enhanced_exploratory,11,0.0784531831741333
global_brightness_change,enhanced_exploratory,12,0.0662979781627655
global_brightness_change,enhanced_exploratory,13,0.05012374371290207
global_brightness_change,enhanced_exploratory,14,0.033993542194366455
global_brightness_change,enhanced_exploratory,15,0.020599327981472015
global_brightness_change,enhanced_exploratory,16,0.010834475979208946
global_brightness_change,enhanced_exploratory,17,0.0040529221296310425
global_brightness_change,enhanced_exploratory,18,0.0013103913515806198
global_brightness_change,enhanced_exploratory,19,0.007154820486903191
global_brightness_change,enhanced_exploratory,20,0.015274124220013618
global_brightness_change,enhanced_exploratory,21,0.026856660842895508
global_brightness_change,enhanced_exploratory,22,0.04184398055076599
global_brightness_change,enhanced_exploratory,23,0.05843739956617355
global_brightness_change,framegen_exploratory,0,0.0
global_brightness_change,framegen_exploratory,1,0.07315860688686371
global_brightness_change,framegen_exploratory,2,0.08164389431476593
global_brightness_change,framegen_exploratory,3,0.0799936056137085
global_brightness_change,framegen_exploratory,4,0.06620776653289795
global_brightness_change,framegen_exploratory,5,0.04115104675292969
global_brightness_change,framegen_exploratory,6,0.008632957935333252
global_brightness_change,framegen_exploratory,7,0.025490224361419678
global_brightness_change,framegen_exploratory,8,0.05491316318511963
global_brightness_change,framegen_exploratory,9,0.07463657855987549
global_brightness_change,framegen_exploratory,10,0.08227011561393738
global_brightness_change,framegen_exploratory,11,0.0784531831741333
global_brightness_change,framegen_exploratory,12,0.0662979781627655
global_brightness_change,framegen_exploratory,13,0.05012374371290207
global_brightness_change,framegen_exploratory,14,0.033993542194366455
global_brightness_change,framegen_exploratory,15,0.020599327981472015
global_brightness_change,framegen_exploratory,16,0.010834475979208946
global_brightness_change,framegen_exploratory,17,0.0040529221296310425
global_brightness_change,framegen_exploratory,18,0.0013103913515806198
global_brightness_change,framegen_exploratory,19,0.007154820486903191
global_brightness_change,framegen_exploratory,20,0.015274124220013618
global_brightness_change,framegen_exploratory,21,0.026856660842895508
global_brightness_change,framegen_exploratory,22,0.04184398055076599
global_brightness_change,framegen_exploratory,23,0.05843739956617355
moving_bright_object,none,0,0.0
moving_bright_object,none,1,0.006694536656141281
moving_bright_object,none,2,0.008926048874855042
moving_bright_object,none,3,0.008926048874855042
moving_bright_object,none,4,0.008926048874855042
moving_bright_object,none,5,0.008926048874855042
moving_bright_object,none,6,0.006694536656141281
moving_bright_object,none,7,0.008926048874855042
moving_bright_object,none,8,0.008926048874855042
moving_bright_object,none,9,0.008926048874855042
moving_bright_object,none,10,0.008926048874855042
moving_bright_object,none,11,0.008926048874855042
moving_bright_object,none,12,0.006694536656141281
moving_bright_object,none,13,0.008926048874855042
moving_bright_object,none,14,0.008926048874855042
moving_bright_object,none,15,0.008926048874855042
moving_bright_object,none,16,0.008926048874855042
moving_bright_object,none,17,0.008926048874855042
moving_bright_object,none,18,0.006694536656141281
moving_bright_object,none,19,0.008926048874855042
moving_bright_object,none,20,0.008926048874855042
moving_bright_object,none,21,0.008926048874855042
moving_bright_object,none,22,0.008926048874855042
moving_bright_object,none,23,0.008926048874855042
moving_bright_object,global,0,0.0
moving_bright_object,global,1,0.006694536656141281
moving_bright_object,global,2,0.008926048874855042
moving_bright_object,global,3,0.008926048874855042
moving_bright_object,global,4,0.008926048874855042
moving_bright_object,global,5,0.008926048874855042
moving_bright_object,global,6,0.006694536656141281
moving_bright_object,global,7,0.008926048874855042
moving_bright_object,global,8,0.008926048874855042
moving_bright_object,global,9,0.008926048874855042
moving_bright_object,global,10,0.008926048874855042
moving_bright_object,global,11,0.008926048874855042
moving_bright_object,global,12,0.006694536656141281
moving_bright_object,global,13,0.008926048874855042
moving_bright_object,global,14,0.008926048874855042
moving_bright_object,global,15,0.008926048874855042
moving_bright_object,global,16,0.008926048874855042
moving_bright_object,global,17,0.008926048874855042
moving_bright_object,global,18,0.006694536656141281
moving_bright_object,global,19,0.008926048874855042
moving_bright_object,global,20,0.008926048874855042
moving_bright_object,global,21,0.008926048874855042
moving_bright_object,global,22,0.008926048874855042
moving_bright_object,global,23,0.008926048874855042
moving_bright_object,localized,0,0.0
moving_bright_object,localized,1,0.006694536656141281
moving_bright_object,localized,2,0.0034084494691342115
moving_bright_object,localized,3,0.007485134992748499
moving_bright_object,localized,4,0.005027404986321926
moving_bright_object,localized,5,0.006723848171532154
moving_bright_object,localized,6,0.003877541981637478
moving_bright_object,localized,7,0.0054244957864284515
moving_bright_object,localized,8,0.0046558985486626625
moving_bright_object,localized,9,0.005623361095786095
moving_bright_object,localized,10,0.004231087863445282
moving_bright_object,localized,11,0.005482181906700134
moving_bright_object,localized,12,0.00379409478046
moving_bright_object,localized,13,0.004433806519955397
moving_bright_object,localized,14,0.004548733122646809
moving_bright_object,localized,15,0.004584562499076128
moving_bright_object,localized,16,0.004092739894986153
moving_bright_object,localized,17,0.00447656586766243
moving_bright_object,localized,18,0.0066069746389985085
moving_bright_object,localized,19,0.0033007466699928045
moving_bright_object,localized,20,0.00896422378718853
moving_bright_object,localized,21,0.0037521314807236195
moving_bright_object,localized,22,0.008956722915172577
moving_bright_object,localized,23,0.0032313107512891293
moving_bright_object,adaptive,0,0.0
moving_bright_object,adaptive,1,0.006694536656141281
moving_bright_object,adaptive,2,0.008926048874855042
moving_bright_object,adaptive,3,0.008926048874855042
moving_bright_object,adaptive,4,0.008926048874855042
moving_bright_object,adaptive,5,0.008926048874855042
moving_bright_object,adaptive,6,0.006694536656141281
moving_bright_object,adaptive,7,0.008926048874855042
moving_bright_object,adaptive,8,0.008926048874855042
moving_bright_object,adaptive,9,0.008926048874855042
moving_bright_object,adaptive,10,0.008926048874855042
moving_bright_object,adaptive,11,0.008926048874855042
moving_bright_object,adaptive,12,0.006694536656141281
moving_bright_object,adaptive,13,0.008926048874855042
moving_bright_object,adaptive,14,0.008926048874855042
moving_bright_object,adaptive,15,0.008926048874855042
moving_bright_object,adaptive,16,0.008926048874855042
moving_bright_object,adaptive,17,0.008926048874855042
moving_bright_object,adaptive,18,0.006694536656141281
moving_bright_object,adaptive,19,0.008926048874855042
moving_bright_object,adaptive,20,0.008926048874855042
moving_bright_object,adaptive,21,0.008926048874855042
moving_bright_object,adaptive,22,0.008926048874855042
moving_bright_object,adaptive,23,0.008926048874855042
moving_bright_object,enhanced_exploratory,0,0.0
moving_bright_object,enhanced_exploratory,1,0.006694536656141281
moving_bright_object,enhanced_exploratory,2,0.008926048874855042
moving_bright_object,enhanced_exploratory,3,0.008926048874855042
moving_bright_object,enhanced_exploratory,4,0.008926048874855042
moving_bright_object,enhanced_exploratory,5,0.008926048874855042
moving_bright_object,enhanced_exploratory,6,0.006694536656141281
moving_bright_object,enhanced_exploratory,7,0.008926048874855042
moving_bright_object,enhanced_exploratory,8,0.008926048874855042
moving_bright_object,enhanced_exploratory,9,0.008926048874855042
moving_bright_object,enhanced_exploratory,10,0.008926048874855042
moving_bright_object,enhanced_exploratory,11,0.008926048874855042
moving_bright_object,enhanced_exploratory,12,0.006694536656141281
moving_bright_object,enhanced_exploratory,13,0.008926048874855042
moving_bright_object,enhanced_exploratory,14,0.008926048874855042
moving_bright_object,enhanced_exploratory,15,0.008926048874855042
moving_bright_object,enhanced_exploratory,16,0.008926048874855042
moving_bright_object,enhanced_exploratory,17,0.008926048874855042
moving_bright_object,enhanced_exploratory,18,0.006694536656141281
moving_bright_object,enhanced_exploratory,19,0.008926048874855042
moving_bright_object,enhanced_exploratory,20,0.008926048874855042
moving_bright_object,enhanced_exploratory,21,0.008926048874855042
moving_bright_object,enhanced_exploratory,22,0.008926048874855042
moving_bright_object,enhanced_exploratory,23,0.008926048874855042
moving_bright_object,framegen_exploratory,0,0.0
moving_bright_object,framegen_exploratory,1,0.006694536656141281
moving_bright_object,framegen_exploratory,2,0.008926048874855042
moving_bright_object,framegen_exploratory,3,0.008926048874855042
moving_bright_object,framegen_exploratory,4,0.008926048874855042
moving_bright_object,framegen_exploratory,5,0.008926048874855042
moving_bright_object,framegen_exploratory,6,0.006694536656141281
moving_bright_object,framegen_exploratory,7,0.008926048874855042
moving_bright_object,framegen_exploratory,8,0.008926048874855042
moving_bright_object,framegen_exploratory,9,0.008926048874855042
moving_bright_object,framegen_exploratory,10,0.008926048874855042
moving_bright_object,framegen_exploratory,11,0.008926048874855042
moving_bright_object,framegen_exploratory,12,0.006694536656141281
moving_bright_object,framegen_exploratory,13,0.008926048874855042
moving_bright_object,framegen_exploratory,14,0.008926048874855042
moving_bright_object,framegen_exploratory,15,0.008926048874855042
moving_bright_object,framegen_exploratory,16,0.008926048874855042
moving_bright_object,framegen_exploratory,17,0.008926048874855042
moving_bright_object,framegen_exploratory,18,0.006694536656141281
moving_bright_object,framegen_exploratory,19,0.008926048874855042
moving_bright_object,framegen_exploratory,20,0.008926048874855042
moving_bright_object,framegen_exploratory,21,0.008926048874855042
moving_bright_object,framegen_exploratory,22,0.008926048874855042
moving_bright_object,framegen_exploratory,23,0.008926048874855042
rapid_local_alternation,none,0,0.0
rapid_local_alternation,none,1,0.0
rapid_local_alternation,none,2,0.09691385924816132
rapid_local_alternation,none,3,0.0
rapid_local_alternation,none,4,0.09691385924816132
rapid_local_alternation,none,5,0.0
rapid_local_alternation,none,6,0.09691385924816132
rapid_local_alternation,none,7,0.0
rapid_local_alternation,none,8,0.09691385924816132
rapid_local_alternation,none,9,0.0
rapid_local_alternation,none,10,0.09691385924816132
rapid_local_alternation,none,11,0.0
rapid_local_alternation,none,12,0.09691385924816132
rapid_local_alternation,none,13,0.0
rapid_local_alternation,none,14,0.09691385924816132
rapid_local_alternation,none,15,0.0
rapid_local_alternation,none,16,0.09691385924816132
rapid_local_alternation,none,17,0.0
rapid_local_alternation,none,18,0.09691385924816132
rapid_local_alternation,none,19,0.0
rapid_local_alternation,none,20,0.09691385924816132
rapid_local_alternation,none,21,0.0
rapid_local_alternation,none,22,0.09691385924816132
rapid_local_alternation,none,23,0.0
rapid_local_alternation,global,0,0.0
rapid_local_alternation,global,1,0.0
rapid_local_alternation,global,2,0.09691385924816132
rapid_local_alternation,global,3,0.0
rapid_local_alternation,global,4,0.09691385924816132
rapid_local_alternation,global,5,0.0
rapid_local_alternation,global,6,0.09691385924816132
rapid_local_alternation,global,7,0.0
rapid_local_alternation,global,8,0.09691385924816132
rapid_local_alternation,global,9,0.0
rapid_local_alternation,global,10,0.09691385924816132
rapid_local_alternation,global,11,0.0
rapid_local_alternation,global,12,0.09691385924816132
rapid_local_alternation,global,13,0.0
rapid_local_alternation,global,14,0.09691385924816132
rapid_local_alternation,global,15,0.0
rapid_local_alternation,global,16,0.09691385924816132
rapid_local_alternation,global,17,0.0
rapid_local_alternation,global,18,0.09691385924816132
rapid_local_alternation,global,19,0.0
rapid_local_alternation,global,20,0.09691385924816132
rapid_local_alternation,global,21,0.0
rapid_local_alternation,global,22,0.09691385924816132
rapid_local_alternation,global,23,0.0
rapid_local_alternation,localized,0,0.0
rapid_local_alternation,localized,1,0.0
rapid_local_alternation,localized,2,0.020570900291204453
rapid_local_alternation,localized,3,0.023067250847816467
rapid_local_alternation,localized,4,0.03156965225934982
rapid_local_alternation,localized,5,0.00730001600459218
rapid_local_alternation,localized,6,0.02594262734055519
rapid_local_alternation,localized,7,0.022359181195497513
rapid_local_alternation,localized,8,0.037586282938718796
rapid_local_alternation,localized,9,0.009367835707962513
rapid_local_alternation,localized,10,0.02642381750047207
rapid_local_alternation,localized,11,0.022139614447951317
rapid_local_alternation,localized,12,0.0385865792632103
rapid_local_alternation,localized,13,0.00973310973495245
rapid_local_alternation,localized,14,0.026491524651646614
rapid_local_alternation,localized,15,0.022100429981946945
rapid_local_alternation,localized,16,0.038754284381866455
rapid_local_alternation,localized,17,0.00979550089687109
rapid_local_alternation,localized,18,0.026502573862671852
rapid_local_alternation,localized,19,0.022093776613473892
rapid_local_alternation,localized,20,0.03878283500671387
rapid_local_alternation,localized,21,0.009806215763092041
rapid_local_alternation,localized,22,0.026504458859562874
rapid_local_alternation,localized,23,0.022092634811997414
rapid_local_alternation,adaptive,0,0.0
rapid_local_alternation,adaptive,1,0.0
rapid_local_alternation,adaptive,2,0.09691385924816132
rapid_local_alternation,adaptive,3,0.0
rapid_local_alternation,adaptive,4,0.09691385924816132
rapid_local_alternation,adaptive,5,0.0
rapid_local_alternation,adaptive,6,0.09691385924816132
rapid_local_alternation,adaptive,7,0.0
rapid_local_alternation,adaptive,8,0.09691385924816132
rapid_local_alternation,adaptive,9,0.0
rapid_local_alternation,adaptive,10,0.09691385924816132
rapid_local_alternation,adaptive,11,0.0
rapid_local_alternation,adaptive,12,0.09691385924816132
rapid_local_alternation,adaptive,13,0.0
rapid_local_alternation,adaptive,14,0.09691385924816132
rapid_local_alternation,adaptive,15,0.0
rapid_local_alternation,adaptive,16,0.09691385924816132
rapid_local_alternation,adaptive,17,0.0
rapid_local_alternation,adaptive,18,0.09691385924816132
rapid_local_alternation,adaptive,19,0.0
rapid_local_alternation,adaptive,20,0.09691385924816132
rapid_local_alternation,adaptive,21,0.0
rapid_local_alternation,adaptive,22,0.09691385924816132
rapid_local_alternation,adaptive,23,0.0
rapid_local_alternation,enhanced_exploratory,0,0.0
rapid_local_alternation,enhanced_exploratory,1,0.0
rapid_local_alternation,enhanced_exploratory,2,0.09691385924816132
rapid_local_alternation,enhanced_exploratory,3,0.0
rapid_local_alternation,enhanced_exploratory,4,0.09691385924816132
rapid_local_alternation,enhanced_exploratory,5,0.0
rapid_local_alternation,enhanced_exploratory,6,0.09691385924816132
rapid_local_alternation,enhanced_exploratory,7,0.0
rapid_local_alternation,enhanced_exploratory,8,0.09691385924816132
rapid_local_alternation,enhanced_exploratory,9,0.0
rapid_local_alternation,enhanced_exploratory,10,0.09691385924816132
rapid_local_alternation,enhanced_exploratory,11,0.0
rapid_local_alternation,enhanced_exploratory,12,0.09691385924816132
rapid_local_alternation,enhanced_exploratory,13,0.0
rapid_local_alternation,enhanced_exploratory,14,0.09691385924816132
rapid_local_alternation,enhanced_exploratory,15,0.0
rapid_local_alternation,enhanced_exploratory,16,0.09691385924816132
rapid_local_alternation,enhanced_exploratory,17,0.0
rapid_local_alternation,enhanced_exploratory,18,0.09691385924816132
rapid_local_alternation,enhanced_exploratory,19,0.0
rapid_local_alternation,enhanced_exploratory,20,0.09691385924816132
rapid_local_alternation,enhanced_exploratory,21,0.0
rapid_local_alternation,enhanced_exploratory,22,0.09691385924816132
rapid_local_alternation,enhanced_exploratory,23,0.0
rapid_local_alternation,framegen_exploratory,0,0.0
rapid_local_alternation,framegen_exploratory,1,0.0
rapid_local_alternation,framegen_exploratory,2,0.09691385924816132
rapid_local_alternation,framegen_exploratory,3,0.0
rapid_local_alternation,framegen_exploratory,4,0.09691385924816132
rapid_local_alternation,framegen_exploratory,5,0.0
rapid_local_alternation,framegen_exploratory,6,0.09691385924816132
rapid_local_alternation,framegen_exploratory,7,0.0
rapid_local_alternation,framegen_exploratory,8,0.09691385924816132
rapid_local_alternation,framegen_exploratory,9,0.0
rapid_local_alternation,framegen_exploratory,10,0.09691385924816132
rapid_local_alternation,framegen_exploratory,11,0.0
rapid_local_alternation,framegen_exploratory,12,0.09691385924816132
rapid_local_alternation,framegen_exploratory,13,0.0
rapid_local_alternation,framegen_exploratory,14,0.09691385924816132
rapid_local_alternation,framegen_exploratory,15,0.0
rapid_local_alternation,framegen_exploratory,16,0.09691385924816132
rapid_local_alternation,framegen_exploratory,17,0.0
rapid_local_alternation,framegen_exploratory,18,0.09691385924816132
rapid_local_alternation,framegen_exploratory,19,0.0
rapid_local_alternation,framegen_exploratory,20,0.09691385924816132
rapid_local_alternation,framegen_exploratory,21,0.0
rapid_local_alternation,framegen_exploratory,22,0.09691385924816132
rapid_local_alternation,framegen_exploratory,23,0.0
localized_red_alternation,none,0,0.0
localized_red_alternation,none,1,0.05276300013065338
localized_red_alternation,none,2,0.05276300013065338
localized_red_alternation,none,3,0.05276300013065338
localized_red_alternation,none,4,0.05276300013065338
localized_red_alternation,none,5,0.05276300013065338
localized_red_alternation,none,6,0.05276300013065338
localized_red_alternation,none,7,0.05276300013065338
localized_red_alternation,none,8,0.05276300013065338
localized_red_alternation,none,9,0.05276300013065338
localized_red_alternation,none,10,0.05276300013065338
localized_red_alternation,none,11,0.05276300013065338
localized_red_alternation,none,12,0.05276300013065338
localized_red_alternation,none,13,0.05276300013065338
localized_red_alternation,none,14,0.05276300013065338
localized_red_alternation,none,15,0.05276300013065338
localized_red_alternation,none,16,0.05276300013065338
localized_red_alternation,none,17,0.05276300013065338
localized_red_alternation,none,18,0.05276300013065338
localized_red_alternation,none,19,0.05276300013065338
localized_red_alternation,none,20,0.05276300013065338
localized_red_alternation,none,21,0.05276300013065338
localized_red_alternation,none,22,0.05276300013065338
localized_red_alternation,none,23,0.05276300013065338
localized_red_alternation,global,0,0.0
localized_red_alternation,global,1,0.05276300013065338
localized_red_alternation,global,2,0.05276300013065338
localized_red_alternation,global,3,0.05276300013065338
localized_red_alternation,global,4,0.05276300013065338
localized_red_alternation,global,5,0.05276300013065338
localized_red_alternation,global,6,0.05276300013065338
localized_red_alternation,global,7,0.05276300013065338
localized_red_alternation,global,8,0.05276300013065338
localized_red_alternation,global,9,0.05276300013065338
localized_red_alternation,global,10,0.05276300013065338
localized_red_alternation,global,11,0.05276300013065338
localized_red_alternation,global,12,0.05276300013065338
localized_red_alternation,global,13,0.05276300013065338
localized_red_alternation,global,14,0.05276300013065338
localized_red_alternation,global,15,0.05276300013065338
localized_red_alternation,global,16,0.05276300013065338
localized_red_alternation,global,17,0.05276300013065338
localized_red_alternation,global,18,0.05276300013065338
localized_red_alternation,global,19,0.05276300013065338
localized_red_alternation,global,20,0.05276300013065338
localized_red_alternation,global,21,0.05276300013065338
localized_red_alternation,global,22,0.05276300013065338
localized_red_alternation,global,23,0.05276300013065338
localized_red_alternation,localized,0,0.0
localized_red_alternation,localized,1,0.05276300013065338
localized_red_alternation,localized,2,0.03523106500506401
localized_red_alternation,localized,3,0.011788027361035347
localized_red_alternation,localized,4,0.019303081557154655
localized_red_alternation,localized,5,0.012707681395113468
localized_red_alternation,localized,6,0.014991614036262035
localized_red_alternation,localized,7,0.012724793516099453
localized_red_alternation,localized,8,0.01353988517075777
localized_red_alternation,localized,9,0.012682591564953327
localized_red_alternation,localized,10,0.012997333891689777
localized_red_alternation,localized,11,0.012657594867050648
localized_red_alternation,localized,12,0.012783844023942947
localized_red_alternation,localized,13,0.012646050192415714
localized_red_alternation,localized,14,0.012697641737759113
localized_red_alternation,localized,15,0.012641074135899544
localized_red_alternation,localized,16,0.012662358582019806
localized_red_alternation,localized,17,0.012638978660106659
localized_red_alternation,localized,18,0.012647806666791439
localized_red_alternation,localized,19,0.01263810321688652
localized_red_alternation,localized,20,0.012641776353120804
localized_red_alternation,localized,21,0.012637738138437271
localized_red_alternation,localized,22,0.012639269232749939
localized_red_alternation,localized,23,0.01263758447021246
localized_red_alternation,adaptive,0,0.0
localized_red_alternation,adaptive,1,0.05276300013065338
localized_red_alternation,adaptive,2,0.02327352575957775
localized_red_alternation,adaptive,3,0.015363949351012707
localized_red_alternation,adaptive,4,0.021682174876332283
localized_red_alternation,adaptive,5,0.020471155643463135
localized_red_alternation,adaptive,6,0.021220272406935692
localized_red_alternation,adaptive,7,0.020560752600431442
localized_red_alternation,adaptive,8,0.021023431792855263
localized_red_alternation,adaptive,9,0.02059810608625412
localized_red_alternation,adaptive,10,0.02092149294912815
localized_red_alternation,adaptive,11,0.020619230344891548
localized_red_alternation,adaptive,12,0.020862489938735962
localized_red_alternation,adaptive,13,0.020632948726415634
localized_red_alternation,adaptive,14,0.020825501531362534
localized_red_alternation,adaptive,15,0.020642485469579697
localized_red_alternation,adaptive,16,0.020800769329071045
localized_red_alternation,adaptive,17,0.02064940519630909
localized_red_alternation,adaptive,18,0.020783305168151855
localized_red_alternation,adaptive,19,0.020654600113630295
localized_red_alternation,adaptive,20,0.020770400762557983
localized_red_alternation,adaptive,21,0.020658615976572037
localized_red_alternation,adaptive,22,0.020760493353009224
localized_red_alternation,adaptive,23,0.020661799237132072
localized_red_alternation,enhanced_exploratory,0,0.0
localized_red_alternation,enhanced_exploratory,1,0.05276300013065338
localized_red_alternation,enhanced_exploratory,2,0.02327352575957775
localized_red_alternation,enhanced_exploratory,3,0.020862886682152748
localized_red_alternation,enhanced_exploratory,4,0.022177526727318764
localized_red_alternation,enhanced_exploratory,5,0.02108902670443058
localized_red_alternation,enhanced_exploratory,6,0.021800454705953598
localized_red_alternation,enhanced_exploratory,7,0.021174507215619087
localized_red_alternation,enhanced_exploratory,8,0.02163681760430336
localized_red_alternation,enhanced_exploratory,9,0.021215379238128662
localized_red_alternation,enhanced_exploratory,10,0.021551119163632393
localized_red_alternation,enhanced_exploratory,11,0.021238483488559723
localized_red_alternation,enhanced_exploratory,12,0.021499471738934517
localized_red_alternation,enhanced_exploratory,13,0.02125316858291626
localized_red_alternation,enhanced_exploratory,14,0.021465247496962547
localized_red_alternation,enhanced_exploratory,15,0.021263262256979942
localized_red_alternation,enhanced_exploratory,16,0.02144109085202217
localized_red_alternation,enhanced_exploratory,17,0.02127057872712612
localized_red_alternation,enhanced_exploratory,18,0.021423252299427986
localized_red_alternation,enhanced_exploratory,19,0.02127610146999359
localized_red_alternation,enhanced_exploratory,20,0.021409600973129272
localized_red_alternation,enhanced_exploratory,21,0.021280400454998016
localized_red_alternation,enhanced_exploratory,22,0.021398842334747314
localized_red_alternation,enhanced_exploratory,23,0.021283835172653198
localized_red_alternation,framegen_exploratory,0,0.0
localized_red_alternation,framegen_exploratory,1,0.0008236484136432409
localized_red_alternation,framegen_exploratory,2,0.046293955296278
localized_red_alternation,framegen_exploratory,3,0.046293955296278
localized_red_alternation,framegen_exploratory,4,0.046293955296278
localized_red_alternation,framegen_exploratory,5,0.046293955296278
localized_red_alternation,framegen_exploratory,6,0.046293955296278
localized_red_alternation,framegen_exploratory,7,0.046293955296278
localized_red_alternation,framegen_exploratory,8,0.046293955296278
localized_red_alternation,framegen_exploratory,9,0.046293955296278
localized_red_alternation,framegen_exploratory,10,0.046293955296278
localized_red_alternation,framegen_exploratory,11,0.046293955296278
localized_red_alternation,framegen_exploratory,12,0.046293955296278
localized_red_alternation,framegen_exploratory,13,0.046293955296278
localized_red_alternation,framegen_exploratory,14,0.046293955296278
localized_red_alternation,framegen_exploratory,15,0.046293955296278
localized_red_alternation,framegen_exploratory,16,0.046293955296278
localized_red_alternation,framegen_exploratory,17,0.046293955296278
localized_red_alternation,framegen_exploratory,18,0.046293955296278
localized_red_alternation,framegen_exploratory,19,0.046293955296278
localized_red_alternation,framegen_exploratory,20,0.046293955296278
localized_red_alternation,framegen_exploratory,21,0.046293955296278
localized_red_alternation,framegen_exploratory,22,0.046293955296278
localized_red_alternation,framegen_exploratory,23,0.00569637306034565
persistent_regular_pattern,none,0,0.0
persistent_regular_pattern,none,1,0.0
persistent_regular_pattern,none,2,0.0
persistent_regular_pattern,none,3,0.0
persistent_regular_pattern,none,4,0.0
persistent_regular_pattern,none,5,0.0
persistent_regular_pattern,none,6,0.0
persistent_regular_pattern,none,7,0.0
persistent_regular_pattern,none,8,0.0
persistent_regular_pattern,none,9,0.0
persistent_regular_pattern,none,10,0.0
persistent_regular_pattern,none,11,0.0
persistent_regular_pattern,none,12,0.0
persistent_regular_pattern,none,13,0.0
persistent_regular_pattern,none,14,0.0
persistent_regular_pattern,none,15,0.0
persistent_regular_pattern,none,16,0.0
persistent_regular_pattern,none,17,0.0
persistent_regular_pattern,none,18,0.0
persistent_regular_pattern,none,19,0.0
persistent_regular_pattern,none,20,0.0
persistent_regular_pattern,none,21,0.0
persistent_regular_pattern,none,22,0.0
persistent_regular_pattern,none,23,0.0
persistent_regular_pattern,global,0,0.0
persistent_regular_pattern,global,1,0.0
persistent_regular_pattern,global,2,0.0
persistent_regular_pattern,global,3,0.0
persistent_regular_pattern,global,4,0.0
persistent_regular_pattern,global,5,0.0
persistent_regular_pattern,global,6,0.0
persistent_regular_pattern,global,7,0.0
persistent_regular_pattern,global,8,0.0
persistent_regular_pattern,global,9,0.0
persistent_regular_pattern,global,10,0.0
persistent_regular_pattern,global,11,0.0
persistent_regular_pattern,global,12,0.0
persistent_regular_pattern,global,13,0.0
persistent_regular_pattern,global,14,0.0
persistent_regular_pattern,global,15,0.0
persistent_regular_pattern,global,16,0.0
persistent_regular_pattern,global,17,0.0
persistent_regular_pattern,global,18,0.0
persistent_regular_pattern,global,19,0.0
persistent_regular_pattern,global,20,0.0
persistent_regular_pattern,global,21,0.0
persistent_regular_pattern,global,22,0.0
persistent_regular_pattern,global,23,0.0
persistent_regular_pattern,localized,0,0.0
persistent_regular_pattern,localized,1,0.0
persistent_regular_pattern,localized,2,0.0
persistent_regular_pattern,localized,3,0.0
persistent_regular_pattern,localized,4,0.0
persistent_regular_pattern,localized,5,0.0
persistent_regular_pattern,localized,6,0.0
persistent_regular_pattern,localized,7,0.0
persistent_regular_pattern,localized,8,0.0
persistent_regular_pattern,localized,9,0.0
persistent_regular_pattern,localized,10,0.0
persistent_regular_pattern,localized,11,0.0
persistent_regular_pattern,localized,12,0.0
persistent_regular_pattern,localized,13,0.0
persistent_regular_pattern,localized,14,0.0
persistent_regular_pattern,localized,15,0.0
persistent_regular_pattern,localized,16,0.0
persistent_regular_pattern,localized,17,0.0
persistent_regular_pattern,localized,18,0.0
persistent_regular_pattern,localized,19,0.0
persistent_regular_pattern,localized,20,0.0
persistent_regular_pattern,localized,21,0.0
persistent_regular_pattern,localized,22,0.0
persistent_regular_pattern,localized,23,0.0
persistent_regular_pattern,adaptive,0,0.0
persistent_regular_pattern,adaptive,1,0.0
persistent_regular_pattern,adaptive,2,0.0
persistent_regular_pattern,adaptive,3,0.0
persistent_regular_pattern,adaptive,4,0.0
persistent_regular_pattern,adaptive,5,0.0
persistent_regular_pattern,adaptive,6,0.0
persistent_regular_pattern,adaptive,7,0.0
persistent_regular_pattern,adaptive,8,0.0
persistent_regular_pattern,adaptive,9,0.0
persistent_regular_pattern,adaptive,10,0.0
persistent_regular_pattern,adaptive,11,0.0
persistent_regular_pattern,adaptive,12,0.0
persistent_regular_pattern,adaptive,13,0.0
persistent_regular_pattern,adaptive,14,0.0
persistent_regular_pattern,adaptive,15,0.0
persistent_regular_pattern,adaptive,16,0.0
persistent_regular_pattern,adaptive,17,0.0
persistent_regular_pattern,adaptive,18,0.0
persistent_regular_pattern,adaptive,19,0.0
persistent_regular_pattern,adaptive,20,0.0
persistent_regular_pattern,adaptive,21,0.0
persistent_regular_pattern,adaptive,22,0.0
persistent_regular_pattern,adaptive,23,0.0
persistent_regular_pattern,enhanced_exploratory,0,0.0
persistent_regular_pattern,enhanced_exploratory,1,0.0
persistent_regular_pattern,enhanced_exploratory,2,0.0
persistent_regular_pattern,enhanced_exploratory,3,0.0
persistent_regular_pattern,enhanced_exploratory,4,0.0
persistent_regular_pattern,enhanced_exploratory,5,0.0
persistent_regular_pattern,enhanced_exploratory,6,0.0
persistent_regular_pattern,enhanced_exploratory,7,0.0
persistent_regular_pattern,enhanced_exploratory,8,0.0
persistent_regular_pattern,enhanced_exploratory,9,0.0
persistent_regular_pattern,enhanced_exploratory,10,0.0
persistent_regular_pattern,enhanced_exploratory,11,0.0
persistent_regular_pattern,enhanced_exploratory,12,0.0
persistent_regular_pattern,enhanced_exploratory,13,0.0
persistent_regular_pattern,enhanced_exploratory,14,0.0
persistent_regular_pattern,enhanced_exploratory,15,0.0
persistent_regular_pattern,enhanced_exploratory,16,0.0
persistent_regular_pattern,enhanced_exploratory,17,0.0
persistent_regular_pattern,enhanced_exploratory,18,0.0
persistent_regular_pattern,enhanced_exploratory,19,0.0
persistent_regular_pattern,enhanced_exploratory,20,0.0
persistent_regular_pattern,enhanced_exploratory,21,0.0
persistent_regular_pattern,enhanced_exploratory,22,0.0
persistent_regular_pattern,enhanced_exploratory,23,0.0
persistent_regular_pattern,framegen_exploratory,0,0.0
persistent_regular_pattern,framegen_exploratory,1,0.0
persistent_regular_pattern,framegen_exploratory,2,0.0
persistent_regular_pattern,framegen_exploratory,3,0.0
persistent_regular_pattern,framegen_exploratory,4,0.0
persistent_regular_pattern,framegen_exploratory,5,0.0
persistent_regular_pattern,framegen_exploratory,6,0.0
persistent_regular_pattern,framegen_exploratory,7,0.0
persistent_regular_pattern,framegen_exploratory,8,0.0
persistent_regular_pattern,framegen_exploratory,9,0.0
persistent_regular_pattern,framegen_exploratory,10,0.0
persistent_regular_pattern,framegen_exploratory,11,0.0
persistent_regular_pattern,framegen_exploratory,12,0.0
persistent_regular_pattern,framegen_exploratory,13,0.0
persistent_regular_pattern,framegen_exploratory,14,0.0
persistent_regular_pattern,framegen_exploratory,15,0.0
persistent_regular_pattern,framegen_exploratory,16,0.0
persistent_regular_pattern,framegen_exploratory,17,0.0
persistent_regular_pattern,framegen_exploratory,18,0.0
persistent_regular_pattern,framegen_exploratory,19,0.0
persistent_regular_pattern,framegen_exploratory,20,0.0
persistent_regular_pattern,framegen_exploratory,21,0.0
persistent_regular_pattern,framegen_exploratory,22,0.0
persistent_regular_pattern,framegen_exploratory,23,0.0
