scenario,category,method,config_id,enable_luminance,enable_red,enable_pattern,mean_activity,peak_activity,frames_exceeding_ratio,high_change_area_ratio,mae,mse,psnr,ssim,precision,recall,f1,iou,modified_area_ratio,seconds,fps
whole_frame_alternation,target,adaptive,luminance_only,True,False,False,0.10931773483753204,0.7543075680732727,0.043478260869565216,0.043478260869565216,0.30172327160835266,0.1986260712146759,7.019637475750327,0.7442982792854309,1.0,0.9565217391304348,0.9777777777777777,0.9565217391304348,0.4583333333333333,0.016562500008149073,1449.0566030606208
whole_frame_alternation,target,adaptive,red_only,False,True,False,0.7543075680732727,0.7543075680732727,1.0,1.0,0.0,0.0,inf,1.0,0.0,0.0,0.0,0.0,0.0,0.007183832989539951,3340.834904562132
whole_frame_alternation,target,adaptive,pattern_only,False,False,True,0.7543075680732727,0.7543075680732727,1.0,1.0,0.0,0.0,inf,1.0,0.0,0.0,0.0,0.0,0.0,0.006817207991844043,3520.5028258948632
whole_frame_alternation,target,adaptive,luminance_red,True,True,False,0.10931773483753204,0.7543075680732727,0.043478260869565216,0.043478260869565216,0.30172327160835266,0.1986260712146759,7.019637475750327,0.7442982792854309,1.0,0.9565217391304348,0.9777777777777777,0.9565217391304348,0.4583333333333333,0.015326416003517807,1565.92382684193
whole_frame_alternation,target,adaptive,luminance_pattern,True,False,True,0.10931773483753204,0.7543075680732727,0.043478260869565216,0.043478260869565216,0.30172327160835266,0.1986260712146759,7.019637475750327,0.7442982792854309,1.0,0.9565217391304348,0.9777777777777777,0.9565217391304348,0.4583333333333333,0.015526000002864748,1545.79415146024
whole_frame_alternation,target,adaptive,red_pattern,False,True,True,0.7543075680732727,0.7543075680732727,1.0,1.0,0.0,0.0,inf,1.0,0.0,0.0,0.0,0.0,0.0,0.0072229579964187,3322.738414358733
whole_frame_alternation,target,adaptive,all_channels,True,True,True,0.10931773483753204,0.7543075680732727,0.043478260869565216,0.043478260869565216,0.30172327160835266,0.1986260712146759,7.019637475750327,0.7442982792854309,1.0,0.9565217391304348,0.9777777777777777,0.9565217391304348,0.4583333333333333,0.015519832988502458,1546.4083935555168
small_flashing_square,target,adaptive,luminance_only,True,False,False,0.0028726921882480383,0.010071825236082077,0.0,0.008746603260869566,0.0030067076440900564,0.001148041570559144,29.400423858600163,0.9824111461639404,1.0,0.8967391304347826,0.9455587392550142,0.8967391304347826,0.009548611111111112,0.01607037501526065,1493.4312346295135
small_flashing_square,target,adaptive,red_only,False,True,False,0.010071826167404652,0.010071825236082077,0.0,0.010416666666666666,0.0,0.0,inf,1.0,0.0,0.0,0.0,0.0,0.0,0.007140500005334616,3361.1091635137277
small_flashing_square,target,adaptive,pattern_only,False,False,True,0.010071826167404652,0.010071825236082077,0.0,0.010416666666666666,0.0,0.0,inf,1.0,0.0,0.0,0.0,0.0,0.0,0.007408500008750707,3239.522166653424
small_flashing_square,target,adaptive,luminance_red,True,True,False,0.0028726921882480383,0.010071825236082077,0.0,0.008746603260869566,0.0030067076440900564,0.001148041570559144,29.400423858600163,0.9824111461639404,1.0,0.8967391304347826,0.9455587392550142,0.8967391304347826,0.009548611111111112,0.01582887500990182,1516.216407355968
small_flashing_square,target,adaptive,luminance_pattern,True,False,True,0.0028726921882480383,0.010071825236082077,0.0,0.008746603260869566,0.0030067076440900564,0.001148041570559144,29.400423858600163,0.9824111461639404,1.0,0.8967391304347826,0.9455587392550142,0.8967391304347826,0.009548611111111112,0.01635787502164021,1467.1832354905416
small_flashing_square,target,adaptive,red_pattern,False,True,True,0.010071826167404652,0.010071825236082077,0.0,0.010416666666666666,0.0,0.0,inf,1.0,0.0,0.0,0.0,0.0,0.0,0.007730750017799437,3104.4853273928024
small_flashing_square,target,adaptive,all_channels,True,True,True,0.0028726921882480383,0.010071825236082077,0.0,0.008746603260869566,0.0030067076440900564,0.001148041570559144,29.400423858600163,0.9824111461639404,1.0,0.8967391304347826,0.9455587392550142,0.8967391304347826,0.009548611111111112,0.015991250023944303,1500.8207591066298
medium_flashing_region,target,adaptive,luminance_only,True,False,False,0.033870115876197815,0.18857689201831818,0.043478260869565216,0.06051856884057971,0.072530098259449,0.04153107851743698,13.816267905831241,0.8206574320793152,1.0,0.9540307971014492,0.9764746784100127,0.9540307971014492,0.16267903645833334,0.015049790992634371,1594.7065319210092
medium_flashing_region,target,adaptive,red_only,False,True,False,0.18857689201831818,0.18857689201831818,1.0,0.25,0.0,0.0,inf,1.0,0.0,0.0,0.0,0.0,0.0,0.007084707991452888,3387.577868975547
medium_flashing_region,target,adaptive,pattern_only,False,False,True,0.18857689201831818,0.18857689201831818,1.0,0.25,0.0,0.0,inf,1.0,0.0,0.0,0.0,0.0,0.0,0.0069455419725272804,3455.4538860942334
medium_flashing_region,target,adaptive,luminance_red,True,True,False,0.033870115876197815,0.18857689201831818,0.043478260869565216,0.06051856884057971,0.072530098259449,0.04153107851743698,13.816267905831241,0.8206574320793152,1.0,0.9540307971014492,0.9764746784100127,0.9540307971014492,0.16267903645833334,0.01513154202257283,1586.0908269756935
medium_flashing_region,target,adaptive,luminance_pattern,True,False,True,0.033870115876197815,0.18857689201831818,0.043478260869565216,0.06051856884057971,0.072530098259449,0.04153107851743698,13.816267905831241,0.8206574320793152,1.0,0.9540307971014492,0.9764746784100127,0.9540307971014492,0.16267903645833334,0.015197583008557558,1579.198480869354
medium_flashing_region,target,adaptive,red_pattern,False,True,True,0.18857689201831818,0.18857689201831818,1.0,0.25,0.0,0.0,inf,1.0,0.0,0.0,0.0,0.0,0.0,0.007454375008819625,3219.585809890764
medium_flashing_region,target,adaptive,all_channels,True,True,True,0.033870115876197815,0.18857689201831818,0.043478260869565216,0.06051856884057971,0.072530098259449,0.04153107851743698,13.816267905831241,0.8206574320793152,1.0,0.9540307971014492,0.9764746784100127,0.9540307971014492,0.16267903645833334,0.016695500002242625,1437.51310213987
multiple_regions,target,adaptive,luminance_only,True,False,False,0.026832202449440956,0.08944963663816452,0.0,0.06480695199275362,0.05480830743908882,0.03462876379489899,14.60563011963005,0.8328418731689453,1.0,0.926530612244898,0.961864406779661,0.926530612244898,0.1207546657986111,0.01626895897788927,1475.2019494681738
multiple_regions,target,adaptive,red_only,False,True,False,0.137227863073349,0.14036181569099426,0.9565217391304348,0.1559386322463768,0.0,0.0,inf,1.0,0.0,0.0,0.0,0.0,0.0,0.007564542000181973,3172.6970382903096
multiple_regions,target,adaptive,pattern_only,False,False,True,0.137227863073349,0.14036181569099426,0.9565217391304348,0.1559386322463768,0.0,0.0,inf,1.0,0.0,0.0,0.0,0.0,0.0,0.007630582986166701,3145.238056320077
multiple_regions,target,adaptive,luminance_red,True,True,False,0.026832202449440956,0.08944963663816452,0.0,0.06480695199275362,0.05480830743908882,0.03462876379489899,14.60563011963005,0.8328418731689453,1.0,0.926530612244898,0.961864406779661,0.926530612244898,0.1207546657986111,0.016814667003927752,1427.325322255494
multiple_regions,target,adaptive,luminance_pattern,True,False,True,0.026832202449440956,0.08944963663816452,0.0,0.06480695199275362,0.05480830743908882,0.03462876379489899,14.60563011963005,0.8328418731689453,1.0,0.926530612244898,0.961864406779661,0.926530612244898,0.1207546657986111,0.016114915983052924,1489.3034518603347
multiple_regions,target,adaptive,red_pattern,False,True,True,0.137227863073349,0.14036181569099426,0.9565217391304348,0.1559386322463768,0.0,0.0,inf,1.0,0.0,0.0,0.0,0.0,0.0,0.008300541987409815,2891.377459014481
multiple_regions,target,adaptive,all_channels,True,True,True,0.026832202449440956,0.08944963663816452,0.0,0.06480695199275362,0.05480830743908882,0.03462876379489899,14.60563011963005,0.8328418731689453,1.0,0.926530612244898,0.961864406779661,0.926530612244898,0.1207546657986111,0.016190707974601537,1482.3317199994558
static_texture,negative,adaptive,luminance_only,True,False,False,0.0,0.0,0.0,0.0,0.0,0.0,inf,1.0,1.0,1.0,1.0,1.0,0.0,0.007394334010314196,3245.728414015775
static_texture,negative,adaptive,red_only,False,True,False,0.0,0.0,0.0,0.0,0.0,0.0,inf,1.0,1.0,1.0,1.0,1.0,0.0,0.007414666994009167,3236.8277657501403
static_texture,negative,adaptive,pattern_only,False,False,True,0.0,0.0,0.0,0.0,0.0,0.0,inf,1.0,1.0,1.0,1.0,1.0,0.0,0.007541500002844259,3182.3907698665325
static_texture,negative,adaptive,luminance_red,True,True,False,0.0,0.0,0.0,0.0,0.0,0.0,inf,1.0,1.0,1.0,1.0,1.0,0.0,0.00790691701695323,3035.317045637582
static_texture,negative,adaptive,luminance_pattern,True,False,True,0.0,0.0,0.0,0.0,0.0,0.0,inf,1.0,1.0,1.0,1.0,1.0,0.0,0.00824279198423028,2911.6348011590812
static_texture,negative,adaptive,red_pattern,False,True,True,0.0,0.0,0.0,0.0,0.0,0.0,inf,1.0,1.0,1.0,1.0,1.0,0.0,0.007881750003434718,3045.0090385436297
static_texture,negative,adaptive,all_channels,True,True,True,0.0,0.0,0.0,0.0,0.0,0.0,inf,1.0,1.0,1.0,1.0,1.0,0.0,0.007938291993923485,3023.3203840789997
gradual_transition,negative,adaptive,luminance_only,True,False,False,0.03379954397678375,0.06708288192749023,0.0,0.0,0.0,0.0,inf,1.0,1.0,1.0,1.0,1.0,0.0,0.0071624159754719585,3350.8246494184596
gradual_transition,negative,adaptive,red_only,False,True,False,0.03379954397678375,0.06708288192749023,0.0,0.0,0.0,0.0,inf,1.0,1.0,1.0,1.0,1.0,0.0,0.00735379199613817,3263.622361443396
gradual_transition,negative,adaptive,pattern_only,False,False,True,0.03379954397678375,0.06708288192749023,0.0,0.0,0.0,0.0,inf,1.0,1.0,1.0,1.0,1.0,0.0,0.007107665995135903,3376.6358768721384
gradual_transition,negative,adaptive,luminance_red,True,True,False,0.03379954397678375,0.06708288192749023,0.0,0.0,0.0,0.0,inf,1.0,1.0,1.0,1.0,1.0,0.0,0.007547291024820879,3179.948927511987
gradual_transition,negative,adaptive,luminance_pattern,True,False,True,0.03379954397678375,0.06708288192749023,0.0,0.0,0.0,0.0,inf,1.0,1.0,1.0,1.0,1.0,0.0,0.0077379579888656735,3101.5934739545182
gradual_transition,negative,adaptive,red_pattern,False,True,True,0.03379954397678375,0.06708288192749023,0.0,0.0,0.0,0.0,inf,1.0,1.0,1.0,1.0,1.0,0.0,0.007478583022020757,3209.1640795230564
gradual_transition,negative,adaptive,all_channels,True,True,True,0.03379954397678375,0.06708288192749023,0.0,0.0,0.0,0.0,inf,1.0,1.0,1.0,1.0,1.0,0.0,0.00804187500034459,2984.378642912457
scene_cut,confound,adaptive,luminance_only,True,False,False,0.028650714084506035,0.6589664220809937,0.043478260869565216,0.043478260869565216,0.0,0.0,inf,1.0,1.0,1.0,1.0,1.0,0.0,0.0071599170041736215,3351.994162224233
scene_cut,confound,adaptive,red_only,False,True,False,0.028650714084506035,0.6589664220809937,0.043478260869565216,0.043478260869565216,0.0,0.0,inf,1.0,1.0,1.0,1.0,1.0,0.0,0.0077545419917441905,3094.960350405144
scene_cut,confound,adaptive,pattern_only,False,False,True,0.028650714084506035,0.6589664220809937,0.043478260869565216,0.043478260869565216,0.0,0.0,inf,1.0,1.0,1.0,1.0,1.0,0.0,0.007071875006658956,3393.7251404191015
scene_cut,confound,adaptive,luminance_red,True,True,False,0.028650714084506035,0.6589664220809937,0.043478260869565216,0.043478260869565216,0.0,0.0,inf,1.0,1.0,1.0,1.0,1.0,0.0,0.0075993339996784925,3158.1714925301844
scene_cut,confound,adaptive,luminance_pattern,True,False,True,0.028650714084506035,0.6589664220809937,0.043478260869565216,0.043478260869565216,0.0,0.0,inf,1.0,1.0,1.0,1.0,1.0,0.0,0.008087666006758809,2967.4815923337287
scene_cut,confound,adaptive,red_pattern,False,True,True,0.028650714084506035,0.6589664220809937,0.043478260869565216,0.043478260869565216,0.0,0.0,inf,1.0,1.0,1.0,1.0,1.0,0.0,0.008301875001052395,2890.9131969534133
scene_cut,confound,adaptive,all_channels,True,True,True,0.028650714084506035,0.6589664220809937,0.043478260869565216,0.043478260869565216,0.0,0.0,inf,1.0,1.0,1.0,1.0,1.0,0.0,0.008536624984117225,2811.4155236587153
global_brightness_change,confound,adaptive,luminance_only,True,False,False,0.04362306371331215,0.08227011561393738,0.0,0.0,0.0,0.0,inf,1.0,1.0,1.0,1.0,1.0,0.0,0.007633083005202934,3144.207914893745
global_brightness_change,confound,adaptive,red_only,False,True,False,0.04362306371331215,0.08227011561393738,0.0,0.0,0.0,0.0,inf,1.0,1.0,1.0,1.0,1.0,0.0,0.007411083992337808,3238.3926595371454
global_brightness_change,confound,adaptive,pattern_only,False,False,True,0.04362306371331215,0.08227011561393738,0.0,0.0,0.0,0.0,inf,1.0,1.0,1.0,1.0,1.0,0.0,0.007575790979899466,3167.986031251154
global_brightness_change,confound,adaptive,luminance_red,True,True,False,0.04362306371331215,0.08227011561393738,0.0,0.0,0.0,0.0,inf,1.0,1.0,1.0,1.0,1.0,0.0,0.007496042002458125,3201.6896372952347
global_brightness_change,confound,adaptive,luminance_pattern,True,False,True,0.04362306371331215,0.08227011561393738,0.0,0.0,0.0,0.0,inf,1.0,1.0,1.0,1.0,1.0,0.0,0.007679999980609864,3125.0000078898665
global_brightness_change,confound,adaptive,red_pattern,False,True,True,0.04362306371331215,0.08227011561393738,0.0,0.0,0.0,0.0,inf,1.0,1.0,1.0,1.0,1.0,0.0,0.007543540996266529,3181.5297367480534
global_brightness_change,confound,adaptive,all_channels,True,True,True,0.04362306371331215,0.08227011561393738,0.0,0.0,0.0,0.0,inf,1.0,1.0,1.0,1.0,1.0,0.0,0.008269666985142976,2902.172486887035
moving_bright_object,confound,adaptive,luminance_only,True,False,False,0.00853796023875475,0.008926048874855042,0.0,0.009963768115942028,0.0,0.0,inf,1.0,1.0,1.0,1.0,1.0,0.0,0.007003666978562251,3426.7762978254636
moving_bright_object,confound,adaptive,red_only,False,True,False,0.00853796023875475,0.008926048874855042,0.0,0.009963768115942028,0.0,0.0,inf,1.0,1.0,1.0,1.0,1.0,0.0,0.0074567500269040465,3218.560353157569
moving_bright_object,confound,adaptive,pattern_only,False,False,True,0.00853796023875475,0.008926048874855042,0.0,0.009963768115942028,0.0,0.0,inf,1.0,1.0,1.0,1.0,1.0,0.0,0.0074063749925699085,3240.451641197867
moving_bright_object,confound,adaptive,luminance_red,True,True,False,0.00853796023875475,0.008926048874855042,0.0,0.009963768115942028,0.0,0.0,inf,1.0,1.0,1.0,1.0,1.0,0.0,0.007694375002756715,3119.1617241688064
moving_bright_object,confound,adaptive,luminance_pattern,True,False,True,0.00853796023875475,0.008926048874855042,0.0,0.009963768115942028,0.0,0.0,inf,1.0,1.0,1.0,1.0,1.0,0.0,0.007551540998974815,3178.159266202514
moving_bright_object,confound,adaptive,red_pattern,False,True,True,0.00853796023875475,0.008926048874855042,0.0,0.009963768115942028,0.0,0.0,inf,1.0,1.0,1.0,1.0,1.0,0.0,0.007844959007343277,3059.2894083365877
moving_bright_object,confound,adaptive,all_channels,True,True,True,0.00853796023875475,0.008926048874855042,0.0,0.009963768115942028,0.0,0.0,inf,1.0,1.0,1.0,1.0,1.0,0.0,0.008453957998426631,2838.906936190912
rapid_local_alternation,target,adaptive,luminance_only,True,False,False,0.046350106596946716,0.09691385924816132,0.0,0.052309782608695655,0.0,0.0,inf,1.0,0.0,0.0,0.0,0.0,0.0,0.0073774589982349426,3253.1526106403303
rapid_local_alternation,target,adaptive,red_only,False,True,False,0.046350106596946716,0.09691385924816132,0.0,0.052309782608695655,0.0,0.0,inf,1.0,0.0,0.0,0.0,0.0,0.0,0.00691283299238421,3471.8038214492567
rapid_local_alternation,target,adaptive,pattern_only,False,False,True,0.046350106596946716,0.09691385924816132,0.0,0.052309782608695655,0.0,0.0,inf,1.0,0.0,0.0,0.0,0.0,0.0,0.0074560000211931765,3218.884111022213
rapid_local_alternation,target,adaptive,luminance_red,True,True,False,0.046350106596946716,0.09691385924816132,0.0,0.052309782608695655,0.0,0.0,inf,1.0,0.0,0.0,0.0,0.0,0.0,0.008018417021958157,2993.109479623825
rapid_local_alternation,target,adaptive,luminance_pattern,True,False,True,0.046350106596946716,0.09691385924816132,0.0,0.052309782608695655,0.0,0.0,inf,1.0,0.0,0.0,0.0,0.0,0.0,0.007793583004968241,3079.4565201526075
rapid_local_alternation,target,adaptive,red_pattern,False,True,True,0.046350106596946716,0.09691385924816132,0.0,0.052309782608695655,0.0,0.0,inf,1.0,0.0,0.0,0.0,0.0,0.0,0.0075612499786075205,3174.0783690396966
rapid_local_alternation,target,adaptive,all_channels,True,True,True,0.046350106596946716,0.09691385924816132,0.0,0.052309782608695655,0.0,0.0,inf,1.0,0.0,0.0,0.0,0.0,0.0,0.00802745801047422,2989.738466234868
localized_red_alternation,target,adaptive,luminance_only,True,False,False,0.024321213364601135,0.05276300013065338,0.0,0.03696784420289855,0.04085468500852585,0.014711224474012852,18.323511777024347,0.7981233596801758,1.0,0.9540307971014492,0.9764746784100127,0.9540307971014492,0.147705078125,0.015875250013777986,1511.7872146372886
localized_red_alternation,target,adaptive,red_only,False,True,False,0.04580181464552879,0.05276300013065338,0.0,0.25,0.048464417457580566,0.020824279636144638,16.814300129924074,0.8429562449455261,1.0,0.9540307971014492,0.9764746784100127,0.9540307971014492,0.11458333333333333,0.01215274998685345,1974.8616589630014
localized_red_alternation,target,adaptive,pattern_only,False,False,True,0.05276299640536308,0.05276300013065338,0.0,0.25,0.0,0.0,inf,1.0,0.0,0.0,0.0,0.0,0.0,0.007260791986482218,3305.4245383536686
localized_red_alternation,target,adaptive,luminance_red,True,True,False,0.02205216884613037,0.05276300013065338,0.0,0.012624547101449276,0.08166904747486115,0.031230974942445755,15.054144581164092,0.6987924575805664,1.0,0.9540307971014492,0.9764746784100127,0.9540307971014492,0.22916666666666666,0.0202618750045076,1184.4905762502626
localized_red_alternation,target,adaptive,luminance_pattern,True,False,True,0.024321213364601135,0.05276300013065338,0.0,0.03696784420289855,0.04085468500852585,0.014711224474012852,18.323511777024347,0.7981233596801758,1.0,0.9540307971014492,0.9764746784100127,0.9540307971014492,0.147705078125,0.016134625009726733,1487.4842139517739
localized_red_alternation,target,adaptive,red_pattern,False,True,True,0.04580181464552879,0.05276300013065338,0.0,0.25,0.048464417457580566,0.020824279636144638,16.814300129924074,0.8429562449455261,1.0,0.9540307971014492,0.9764746784100127,0.9540307971014492,0.11458333333333333,0.012192207999760285,1968.470354219012
localized_red_alternation,target,adaptive,all_channels,True,True,True,0.02205216884613037,0.05276300013065338,0.0,0.012624547101449276,0.08166904747486115,0.031230974942445755,15.054144581164092,0.6987924575805664,1.0,0.9540307971014492,0.9764746784100127,0.9540307971014492,0.22916666666666666,0.02130195900099352,1126.6569426258234
persistent_regular_pattern,target,adaptive,luminance_only,True,False,False,0.0,0.0,0.0,0.0,0.0,0.0,inf,1.0,0.0,0.0,0.0,0.0,0.0,0.007615124981384724,3151.6226008986487
persistent_regular_pattern,target,adaptive,red_only,False,True,False,0.0,0.0,0.0,0.0,0.0,0.0,inf,1.0,0.0,0.0,0.0,0.0,0.0,0.007174832979217172,3345.025601225714
persistent_regular_pattern,target,adaptive,pattern_only,False,False,True,0.0,0.0,0.0,0.0,0.16118642687797546,0.026356210932135582,15.791170253961672,0.9240562319755554,1.0,1.0,1.0,1.0,1.0,0.009395540982950479,2554.403205047091
persistent_regular_pattern,target,adaptive,luminance_red,True,True,False,0.0,0.0,0.0,0.0,0.0,0.0,inf,1.0,0.0,0.0,0.0,0.0,0.0,0.007763875008095056,3091.2398737713115
persistent_regular_pattern,target,adaptive,luminance_pattern,True,False,True,0.0,0.0,0.0,0.0,0.16118642687797546,0.026356210932135582,15.791170253961672,0.9240562319755554,1.0,1.0,1.0,1.0,1.0,0.010645207978086546,2254.5355665577094
persistent_regular_pattern,target,adaptive,red_pattern,False,True,True,0.0,0.0,0.0,0.0,0.16118642687797546,0.026356210932135582,15.791170253961672,0.9240562319755554,1.0,1.0,1.0,1.0,1.0,0.010233375011011958,2345.267321306413
persistent_regular_pattern,target,adaptive,all_channels,True,True,True,0.0,0.0,0.0,0.0,0.16118642687797546,0.026356210932135582,15.791170253961672,0.9240562319755554,1.0,1.0,1.0,1.0,1.0,0.010554582986515015,2273.893722818175
