method,config_id,mean_activity,peak_activity,frames_exceeding_ratio,high_change_area_ratio,mae,mse,psnr,ssim,precision,recall,f1,iou,modified_area_ratio,seconds,fps,threshold,blend,block_size,max_luminance_step,desaturation,pattern_contrast_reduction,pareto_efficient
adaptive,adaptive_t0.05_s0.03_moderate,0.023215693441064406,0.16718181067456803,0.010869565217391304,0.020882869112318844,0.05230463756015524,0.027567631400112685,inf,0.9207322001457214,0.9166666666666666,0.8906544230010844,0.9031791900527065,0.8906544230010844,0.16505375614872686,0.011345850754878484,2423.5269607328714,0.05000000000000001,,,0.03,0.5,0.25,False
adaptive,adaptive_t0.05_s0.03_strong,0.023151644214522094,0.16718181067456803,0.010869565217391304,0.020833333333333332,0.06464617352078979,0.032889201606546216,inf,0.906349261601766,0.9166666666666666,0.8906544230010844,0.9031791900527065,0.8906544230010844,0.16505375614872686,0.011322572999536836,2426.552940970059,0.05000000000000001,,,0.03,1.0,0.5,False
adaptive,adaptive_t0.05_s0.08_moderate,0.029660792924308527,0.16744402082016072,0.010869565217391304,0.024757274682971012,0.050117539222507425,0.025262906313097726,inf,0.923985555768013,0.9166666666666666,0.8906544230010844,0.9031791900527065,0.8906544230010844,0.1650401927806713,0.011350531245019132,2418.6468580443297,0.05000000000000001,,,0.08,0.5,0.25,False
adaptive,adaptive_t0.05_s0.08_strong,0.029683453709973644,0.16744402082016072,0.010869565217391304,0.024660561971618356,0.06271840567933396,0.03066062090996032,inf,0.907309353351593,0.9166666666666666,0.8906544230010844,0.9031791900527065,0.8906544230010844,0.1650401927806713,0.011339406247619385,2418.845595157788,0.05000000000000001,,,0.08,1.0,0.5,False
adaptive,adaptive_t0.05_s0.15_moderate,0.03874791949056089,0.16781132202595472,0.09057971014492754,0.14686414930555555,0.04594486150502538,0.02211995909844215,inf,0.9357007493575414,0.9166666666666666,0.8906544230010844,0.9031791900527065,0.8906544230010844,0.1579635054976852,0.011339375084692923,2415.8369522768603,0.05000000000000001,,,0.15,0.5,0.25,False
adaptive,adaptive_t0.05_s0.15_strong,0.03881036342742542,0.16781132202595472,0.09057971014492754,0.14767559254227053,0.05955179895196731,0.027516744274180382,inf,0.9110128879547119,0.9166666666666666,0.8906544230010844,0.9031791900527065,0.8906544230010844,0.16488082320601852,0.011313406333404904,2426.7535611333647,0.05000000000000001,,,0.15,1.0,0.5,False
adaptive,adaptive_t0.10_s0.03_moderate,0.023215693441064406,0.16718181067456803,0.010869565217391304,0.020882869112318844,0.05230463756015524,0.027567631400112685,inf,0.9207322001457214,0.9166666666666666,0.8906544230010844,0.9031791900527065,0.8906544230010844,0.16505375614872686,0.01133509033388691,2420.149058643418,0.10000000000000002,,,0.03,0.5,0.25,False
adaptive,adaptive_t0.10_s0.03_strong,0.023151644214522094,0.16718181067456803,0.010869565217391304,0.020833333333333332,0.06464617352078979,0.032889201606546216,inf,0.906349261601766,0.9166666666666666,0.8906544230010844,0.9031791900527065,0.8906544230010844,0.16505375614872686,0.011336135498519676,2420.6530669920985,0.10000000000000002,,,0.03,1.0,0.5,False
adaptive,adaptive_t0.10_s0.08_moderate,0.029660792924308527,0.16744402082016072,0.010869565217391304,0.024757274682971012,0.050117539222507425,0.025262906313097726,inf,0.923985555768013,0.9166666666666666,0.8906544230010844,0.9031791900527065,0.8906544230010844,0.1650401927806713,0.011271624913206324,2437.6132941668184,0.10000000000000002,,,0.08,0.5,0.25,False
adaptive,adaptive_t0.10_s0.08_strong,0.029683453709973644,0.16744402082016072,0.010869565217391304,0.024660561971618356,0.06271840567933396,0.03066062090996032,inf,0.907309353351593,0.9166666666666666,0.8906544230010844,0.9031791900527065,0.8906544230010844,0.1650401927806713,0.011223982663068455,2445.6777578400684,0.10000000000000002,,,0.08,1.0,0.5,False
adaptive,adaptive_t0.10_s0.15_moderate,0.03874791949056089,0.16781132202595472,0.09057971014492754,0.14686414930555555,0.04594486150502538,0.02211995909844215,inf,0.9357007493575414,0.9166666666666666,0.8906544230010844,0.9031791900527065,0.8906544230010844,0.1579635054976852,0.011228899335643897,2449.5232043289648,0.10000000000000002,,,0.15,0.5,0.25,False
adaptive,adaptive_t0.10_s0.15_strong,0.03881036342742542,0.16781132202595472,0.09057971014492754,0.14767559254227053,0.05955179895196731,0.027516744274180382,inf,0.9110128879547119,0.9166666666666666,0.8906544230010844,0.9031791900527065,0.8906544230010844,0.16488082320601852,0.01126035416382365,2437.39804346991,0.10000000000000002,,,0.15,1.0,0.5,False
adaptive,adaptive_t0.15_s0.03_moderate,0.023215693441064406,0.16718181067456803,0.010869565217391304,0.020882869112318844,0.05230463756015524,0.027567631400112685,inf,0.9207322001457214,0.9166666666666666,0.8906544230010844,0.9031791900527065,0.8906544230010844,0.16505375614872686,0.011190062410605606,2457.815989977515,0.15,,,0.03,0.5,0.25,False
adaptive,adaptive_t0.15_s0.03_strong,0.023151644214522094,0.16718181067456803,0.010869565217391304,0.020833333333333332,0.06464617352078979,0.032889201606546216,inf,0.906349261601766,0.9166666666666666,0.8906544230010844,0.9031791900527065,0.8906544230010844,0.16505375614872686,0.011249645833837954,2440.9465263679017,0.15,,,0.03,1.0,0.5,False
adaptive,adaptive_t0.15_s0.08_moderate,0.029660792924308527,0.16744402082016072,0.010869565217391304,0.024757274682971012,0.050117539222507425,0.025262906313097726,inf,0.923985555768013,0.9166666666666666,0.8906544230010844,0.9031791900527065,0.8906544230010844,0.1650401927806713,0.011240788337696964,2444.7436152908167,0.15,,,0.08,0.5,0.25,False
adaptive,adaptive_t0.15_s0.08_strong,0.029683453709973644,0.16744402082016072,0.010869565217391304,0.024660561971618356,0.06271840567933396,0.03066062090996032,inf,0.907309353351593,0.9166666666666666,0.8906544230010844,0.9031791900527065,0.8906544230010844,0.1650401927806713,0.011599392256660698,2328.697956221308,0.15,,,0.08,1.0,0.5,False
adaptive,adaptive_t0.15_s0.15_moderate,0.03874791949056089,0.16781132202595472,0.09057971014492754,0.14686414930555555,0.04594486150502538,0.02211995909844215,inf,0.9357007493575414,0.9166666666666666,0.8906544230010844,0.9031791900527065,0.8906544230010844,0.1579635054976852,0.013951830000830038,2071.8297412821244,0.15,,,0.15,0.5,0.25,False
adaptive,adaptive_t0.15_s0.15_strong,0.03881036342742542,0.16781132202595472,0.09057971014492754,0.14767559254227053,0.05955179895196731,0.027516744274180382,inf,0.9110128879547119,0.9166666666666666,0.8906544230010844,0.9031791900527065,0.8906544230010844,0.16488082320601852,0.013516510329888357,2209.733154886894,0.15,,,0.15,1.0,0.5,False
global,global_t0.04_a0.35,0.0577850891277194,0.0942110496883591,0.09057971014492754,0.13284316500603865,0.026939773893294234,0.005092085226351628,inf,0.9594574421644211,0.3140733506944444,0.5398550724637682,0.3544300846334516,0.3131017453644952,0.21656855830439814,0.0019859583286840157,12144.033177552054,0.04,0.3499999999999999,,,,,False
global,global_t0.04_a0.65,0.03188641547846297,0.0884811095893383,0.08695652173913043,0.12643417874396135,0.044099860824644566,0.013075135114680355,inf,0.9447112878163656,0.3140733506944444,0.5398550724637682,0.3544300846334516,0.3131017453644952,0.21656855830439814,0.0019707741691187644,12218.487556225866,0.04,0.65,,,,,False
global,global_t0.04_a0.85,0.019047270179726183,0.0919970462564379,0.010869565217391304,0.01890851449275362,0.055263805824021496,0.02042219027255972,inf,0.9339146216710409,0.3140733506944444,0.5398550724637682,0.3544300846334516,0.3131017453644952,0.21656855830439814,0.001976805583884319,12182.823428549525,0.04,0.85,,,,,False
global,global_t0.08_a0.35,0.060703255236148834,0.10142211522907019,0.09057971014492754,0.153676498339372,0.023319333500694484,0.004590011312150939,inf,0.9669408947229385,0.3765733506944444,0.5362318840579711,0.4042876146853777,0.3755060681699675,0.12660499855324073,0.0019545278410078026,12315.004398322702,0.08,0.3499999999999999,,,,,False
global,global_t0.08_a0.65,0.03650919751574596,0.09690697273860376,0.08695652173913043,0.14754821482487923,0.03638992349927624,0.011617894050383862,inf,0.9559433857599894,0.3765733506944444,0.5362318840579711,0.4042876146853777,0.3755060681699675,0.12660499855324073,0.0019497951652738266,12344.577847366747,0.08,0.65,,,,,False
global,global_t0.08_a0.85,0.024879791075363755,0.09556022783120473,0.010869565217391304,0.041145361564009664,0.04315946480104079,0.017601336619312253,inf,0.9490639219681422,0.3765733506944444,0.5362318840579711,0.4042876146853777,0.3755060681699675,0.12660499855324073,0.001957649331113013,12315.292300546513,0.08,0.85,,,,,False
global,global_t0.12_a0.35,0.060703255236148834,0.10006354531894128,0.09057971014492754,0.15129878094806762,0.021827513119205832,0.004171036009211093,inf,0.9718132217725118,0.4507921006944444,0.5797101449275363,0.47278472451196724,0.45069642349991673,0.11548303674768519,0.0019418889205553569,12398.589100018098,0.12,0.3499999999999999,,,,,True
global,global_t0.12_a0.65,0.03650919751574596,0.09350793218861024,0.07971014492753623,0.13832040685386474,0.033619400269041456,0.010172856777595976,inf,0.9620851278305054,0.4507921006944444,0.5797101449275363,0.47278472451196724,0.45069642349991673,0.11548303674768519,0.0019363436707256672,12441.691893828218,0.12,0.65,,,,,True
global,global_t0.12_a0.85,0.024879791075363755,0.09011927930017312,0.0036231884057971015,0.03191755359299517,0.03953647365172704,0.015130237055321535,inf,0.9564356803894043,0.4507921006944444,0.5797101449275363,0.47278472451196724,0.45069642349991673,0.11548303674768519,0.0019349376622509833,12438.776344893115,0.12,0.85,,,,,True
global,global_t0.18_a0.35,0.06664300709962845,0.1043092015509804,0.17028985507246377,0.15129878094806762,0.0191107833913217,0.0035616216676620147,inf,0.9838637461264929,0.4375,0.5,0.45,0.4375,0.10329861111111112,0.0019444234227800432,12390.137188946974,0.18000000000000002,0.3499999999999999,,,,,True
global,global_t0.18_a0.65,0.04538573852429787,0.0995146728431185,0.15942028985507248,0.13861762152777776,0.029466412185380857,0.008712343056686223,inf,0.9750637610753378,0.4375,0.5,0.45,0.4375,0.10329861111111112,0.0019243888309574686,12498.693813539505,0.18000000000000002,0.65,,,,,True
global,global_t0.18_a0.85,0.03517623742421468,0.0961260199546814,0.08333333333333333,0.043508925875603864,0.03468136520435413,0.012976635557909807,inf,0.9698504755894343,0.4375,0.5,0.45,0.4375,0.10329861111111112,0.0019332570033535983,12448.353389390693,0.18000000000000002,0.85,,,,,True
localized,localized_t0.06_a0.35_b4,0.057854459271766245,0.09071819123346359,0.09420289855072463,0.13905872584541062,0.02599596558138728,0.0048364566453831985,inf,0.9576949626207352,0.5640739453391522,0.5596842496056393,0.5608100194018997,0.5418603553560289,0.1814597800925926,0.004434284749246824,5432.090825220521,0.06,0.3499999999999999,4.0,,,,False
localized,localized_t0.06_a0.35_b8,0.057315788425815604,0.09018939644253503,0.09420289855072463,0.13907287892512077,0.026291113647554692,0.004944528247051494,inf,0.957072968284289,0.46387024142888095,0.5765447075569358,0.4971075458521836,0.4601771732284747,0.1814529984085648,0.004119166665380665,5829.396941558346,0.06,0.3499999999999999,8.0,,,,True
localized,localized_t0.06_a0.65_b4,0.030782600321496528,0.07550391675128292,0.09057971014492754,0.1314915458937198,0.04191757484416788,0.012314896814738555,inf,0.9378751913706461,0.5640739453391522,0.5596842496056393,0.5608100194018997,0.5418603553560289,0.18159202293113427,0.0043372950846484555,5539.351268881736,0.06,0.65,4.0,,,,False
localized,localized_t0.06_a0.65_b8,0.03001205256441608,0.07469863341733192,0.09057971014492754,0.1312639171950483,0.042346489111272,0.012572438371231934,inf,0.9373887628316879,0.46387024142888095,0.5765447075569358,0.4971075458521836,0.4601771732284747,0.1816112377025463,0.004148951086487311,5790.890905614563,0.06,0.65,8.0,,,,False
localized,localized_t0.06_a0.85_b4,0.017378682813917596,0.08339649235131219,0.010869565217391304,0.02107157684178744,0.0508154343891268,0.01886007514500913,inf,0.9259659548600515,0.5640739453391522,0.5596842496056393,0.5608100194018997,0.5418603553560289,0.18163045247395834,0.004289395753100204,5601.732041946939,0.06,0.85,4.0,,,,True
localized,localized_t0.06_a0.85_b8,0.016537626142962836,0.08267780179933955,0.010869565217391304,0.017056819897342996,0.05127545108553022,0.019261557591865614,inf,0.925246849656105,0.46387024142888095,0.5765447075569358,0.4971075458521836,0.4601771732284747,0.18163384331597224,0.004161635581112932,5772.30747332087,0.06,0.85,8.0,,,,True
localized,localized_t0.12_a0.35_b4,0.05821764938688526,0.0935396848168845,0.09420289855072463,0.14082196369263286,0.025058061165812735,0.004789804109653535,inf,0.9579101105531057,0.7309607797156001,0.7226303315710343,0.7256874891458769,0.7050397774181238,0.1492637351707176,0.004326701414053484,5552.338314022312,0.12,0.3499999999999999,4.0,,,,False
localized,localized_t0.12_a0.35_b8,0.05782250214057664,0.093444897288767,0.09420289855072463,0.14083257850241546,0.025158794790816803,0.0048411333070059,inf,0.9578864226738611,0.6416855183914264,0.7312172264739228,0.6654512500422345,0.6281855625111277,0.1491066261574074,0.004148562826837103,5790.78888672571,0.12,0.3499999999999999,8.0,,,,True
localized,localized_t0.12_a0.65_b4,0.03142235055565834,0.07395267218817025,0.08333333333333333,0.12618649984903382,0.03977492032572627,0.012106723292769553,inf,0.9389168123404185,0.7309607797156001,0.7226303315710343,0.7256874891458769,0.7050397774181238,0.14940049913194445,0.004821159835652604,5264.6651182218375,0.12,0.65,4.0,,,,False
localized,localized_t0.12_a0.65_b8,0.031015641269429278,0.07407933650150274,0.08333333333333333,0.1259771522116546,0.03985811065649614,0.01220335090571704,inf,0.9395590821901957,0.6416855183914264,0.7312172264739228,0.6654512500422345,0.6281855625111277,0.1492626048900463,0.004159649416881924,5771.460231595364,0.12,0.65,8.0,,,,False
localized,localized_t0.12_a0.85_b4,0.018184020339200895,0.07494338068257396,0.0036231884057971015,0.015134359903381642,0.0475711962984254,0.01838461416870511,inf,0.9282848040262858,0.7309607797156001,0.7226303315710343,0.7256874891458769,0.7050397774181238,0.1494479709201389,0.004332485834311228,5542.431075488311,0.12,0.85,4.0,,,,True
localized,localized_t0.12_a0.85_b8,0.017820317788088385,0.07512247616735597,0.0036231884057971015,0.01251839900362319,0.04763789160642773,0.018533746983545523,inf,0.9288578828175863,0.6416855183914264,0.7312172264739228,0.6654512500422345,0.6281855625111277,0.14927616825810186,0.0041917361692564254,5729.989647808626,0.12,0.85,8.0,,,,True
localized,localized_t0.18_a0.35_b4,0.05821764938688526,0.0935396848168845,0.09420289855072463,0.14082196369263286,0.025058061165812735,0.004789804109653535,inf,0.9579101105531057,0.7309607797156001,0.7226303315710343,0.7256874891458769,0.7050397774181238,0.1492637351707176,0.004337427165107026,5535.747593044023,0.18000000000000002,0.3499999999999999,4.0,,,,False
localized,localized_t0.18_a0.35_b8,0.058085076666126646,0.09432891213024656,0.09420289855072463,0.14064387077294685,0.024862542379802715,0.004759550938615575,inf,0.9586350719134012,0.6587684331290649,0.7153546858054817,0.6656686415941077,0.6287128342658606,0.1485573097511574,0.004155649250606075,5778.168432406722,0.18000000000000002,0.3499999999999999,8.0,,,,True
localized,localized_t0.18_a0.65_b4,0.03142235055565834,0.07395267218817025,0.08333333333333333,0.12618649984903382,0.03977492032572627,0.012106723292769553,inf,0.9389168123404185,0.7309607797156001,0.7226303315710343,0.7256874891458769,0.7050397774181238,0.14940049913194445,0.00433310424220205,5542.317477225132,0.18000000000000002,0.65,4.0,,,,False
localized,localized_t0.18_a0.65_b8,0.03163429576670751,0.07574466398606698,0.08333333333333333,0.12606089126660627,0.039327408672155194,0.011971505145387104,inf,0.9412789891163508,0.6587684331290649,0.7153546858054817,0.6656686415941077,0.6287128342658606,0.14890543619791666,0.0041617916722316295,5770.869837184579,0.18000000000000002,0.65,8.0,,,,True
localized,localized_t0.18_a0.85_b4,0.018184020339200895,0.07494338068257396,0.0036231884057971015,0.015134359903381642,0.0475711962984254,0.01838461416870511,inf,0.9282848040262858,0.7309607797156001,0.7226303315710343,0.7256874891458769,0.7050397774181238,0.1494479709201389,0.004366173501087663,5506.419314269248,0.18000000000000002,0.85,4.0,,,,True
localized,localized_t0.18_a0.85_b8,0.018638601274384808,0.07713375356979668,0.0036231884057971015,0.014704460107185992,0.04701368431172644,0.01816659333417192,inf,0.9312165230512619,0.6587684331290649,0.7153546858054817,0.6656686415941077,0.6287128342658606,0.14903767903645834,0.004147705168482692,5791.79721316072,0.18000000000000002,0.85,8.0,,,,True
none,none,0.10865904452900092,0.17168670240789652,0.25,0.14767559254227053,0.0,0.0,inf,1.0,0.4166666666666667,0.4166666666666667,0.4166666666666667,0.4166666666666667,0.0,3.373249637661502e-05,713325.6440885608,,,,,,,True
